ID,pdb,sequence
T0644,./CASP10/targets_pdb/T0644.pdb,MKFLKFSLLTAVLLSVVFAFSSCGDDDDTGYLPPSQAIQDALKKLYPNATAIKWEQKGVYYVADCQADGREKEVWFDANANWLMTETELNSINNLPPAVLTAFMESSYNNWVVDDVVILEYPNEPSTEFVVTVEQGKKVDLYFSEGGGLLHEKDVTNGDDTHWPRV
T0645,./CASP10/targets_pdb/T0645.pdb,MKSSKYISILCVGSLLSLASCTDGFESDNKINGSFDDTVKEYDFQKYTTNFETIQKGIYFNYDWGEGTTWPWQTFQNLNHDMFSGYFHDFASKFSDKNTVYALEAGWTASAWNYTYNYIFPVAHKSTLITQDEAKYKHFYGATLILKVEAMHRITDTYGPIVYSKFGKNETNSVDTQEEAYKAFFDDLDKAVDALDTYLKEGGKEDGVKSINMCNCPTASRWIKFANSLRLRLAMRVSNVDKTLATSEAQKALENSYGVIESSDENIQISGKGYQNPLAGVAGWGETYMGATIASVLNGYEDPRISIYYNPATLAEHTEEYLGVPQGVYAKDGDPNYYQSYSFINTQTITASTPAVLLTAAETWFLRAEASLRGINPKNESAKQCYEAGVQTSFSQWGAGDASLYLTSKGKPTDYINYAAGPGKDMKALITTTPNFDDAVNQEEQLEKIITQKWIACWPEGMEAWAEQRRTGYPKLFKVQTNNSNGTIDTDIMIRRLPFSQDDAKKDPEQYKNLCTALGGADNGGTRLWWDTGKNNF
T0646,,MQEERKKLLEKLEKILDEVTDGAPDEARERIEKLAKDVKDELEEGDAKNMIEKFRDEMEQMYKDAPNAVMEQLLEEIEKLLKKAGSLVPRGSY
T0647,,MTERLSAEQIKEYKGVFEMFDEEGNGEVKTGELEWLMSLLGINPTKSELASMAKDVDRDNKGFFFNCDGFLALMGVYHEKAQNQESELRAAFRVFDKEGKGYIDWNTLKYVLMNAGEPLNEVEAEQMMKEADKDGDRTIDYEEFVAMMTGESFKLIQ
T0648,./CASP10/targets_pdb/T0648.pdb,MAGQAFRKFLPLFDRVLVERSAAETVTKGGIMLPEKSQGKVLQATVVAVGSGSKGKGGEIQPVSVKVGDKVLLPEYGGTKVVLDDKDYFLFRDGDILGKYVD
T0649,./CASP10/targets_pdb/T0649.pdb,MKKLIPILLAVFALASCEKDPDMGKLDDNYLVYTNYDKQANFKDFSTFYLADKILVISDSKEPEYLEGEGAEQILAAYTENMEAKGYQPAADKESADLGIQVSYIASTYYFTGYTQPEWWWGYPGYWGPSYWGNWGGWYYPYAVTYSYSTNSFITEMVNLKADEGEGKKLPVVWTSYLTGFETGSKAINRTLAIEAVNQSFTQSPYLTNK
T0650,./CASP10/targets_pdb/T0650.pdb,AATLATLPAPINQIFPDADLAEGIRAVLQKASVTDVVTQEELESITKLVVAGEKVASIQGIEYLTNLEYLNLNGNQITDISPLSNLVKLTNLYIGTNKITDISALQNLTNLRELYLNEDNISDISPLANLTKMYSLNLGANHNLSDLSPLSNMTGLNYLTVTESKVKDVTPIANLTDLYSLSLNYNQIEDISPLASLTSLHYFTAYVNQITDITPVANMTRLNSLKIGNNKITDLSPLANLSQLTWLEIGTNQISDINAVKDLTKLKMLNVGSNQISDISVLNNLSQLNSLFLNNNQLGNEDMEVIGGLTNLTTLFLSQNHITDIRPLASLSKMDSADFANQVIKK
T0651,./CASP10/targets_pdb/T0651.pdb,MKDIIIASFYKFIPLNDFESLREPILTKMHEIGIKGTIILAHEGVNGGFAGNREQMNVFYDYLRSDSRFADLHFKETYDNKNPFDKAKVKLRKEIVTMGVQKVDPSYNAGTYLSPEEWHQFIQDPNVILLDTRNDYEYELGTFKNAINPDIENFREFPDYVQRNLIDKKDKKIAMFCTGGIRCEKTTAYMKELGFEHVYQLHDGILNYLESIPESESLWEGKCFVFDDRVAVDQKLDRVYPQLPQDYKYEREQK
T0652,./CASP10/targets_pdb/T0652.pdb,MSDDNSHSSDTISNKKGFFSLLLSQLFHGEPKNRDELLALIRDSGQNDLIDEDTRDMLEGVMDIADQRVRDIMIPRSQMITLKRNQTLDECLDVIIESAHSRFPVISEDKDHIEGILMAKDLLPFMRSDAEAFSMDKVLRQAVVVPESKRVDRMLKEFRSQRYHMAIVIDEFGGVSGLVTIEDILELIVGEIEDEYDEEDDIDFRQLSRHTWTVRALASIEDFNEAFGTHFSDEEVDTIGGLVMQAFGHLPARGETIDIDGYQFKVAMADSRRIIQVHVKIPDDSPQPKLDE
T0653,./CASP10/targets_pdb/T0653.pdb,MNKIISIIALLLILPIFKVEAYDFVIDEITYNFTKEHGTVEVSGLREFLNLEPGDRNSSLPLVVNIPPVVTYKDNKYDVVSIGYAAFQGCRKVTEIKIPSTVREIGEFAFENCSKLEIINIPDSVKMIGRCTFSGCYALKSILLPLMLKSIGVEAFKGCDFKEITIPEGVTVIGDEAFATCESLEYVSLPDSMETLHNGLFSGCGKLKSIKLPRNLKIIRDYCFAECILLENMEFPNSLYYLGDFALSKTGVKNIIIPDSFTELGKSVFYGCTDLESISIQNNKLRIGGSLFYNCSGLKKVIYGSVIVPEKTFYGCSSLTEVKLLDSVKFIGEEAFESCTSLVSIDLPYLVEEIGKRSFRGCTSLSNINFPLSLRKIGANAFQGCINLKKVELPKRLEQYRYDFEDTTKFKWIK
T0654,./CASP10/targets_pdb/T0654.pdb,MKVRAYVLIASVALLGMSAGSKKAKLTEGVNPGDLAPRIEFLGNDAKASFHNQLGRYTLLNFWAAYDAESRARNVQLANEVNKFGPDKIAMCSISMDEKESIFTETVKIDKLDLSTQFHEGLGKESELYKKYDLRKGFKNFLINDEGVIIAANVTPEKLTEILKAI
T0655,./CASP10/targets_pdb/T0655.pdb,MASGQATERALGRRTIPAGEARSIIIRQRYDAPVDEVWSACTDPNRINRWFIEPKGDLREGGNFALQGNASGDILRCEPPRRLTISWVYEGKPDSEVELRLSEEGDGTLLELEHATTSEQMLVEVGVGWEMALDFLGMFIRGDLPGGPVPEDAAEEFEPSPEMMRISQERGEAWAALVHSGS
T0656,,MVNINHRIGIKASPEKIYQALTTDDGLKKWWTNDISGAGVVGSTIKFRFNGGGPDFKVTKLIPNKTVCWQHAGNMPESWMGTEISFQLETVENQTFVRFTHSNWHETTDFMAHCNTKWAVFLLSLKDALEIGKGTPFPNDIQIDHS
T0657,./CASP10/targets_pdb/T0657.pdb,MNFNTILEEILIKRSQQKKKTSPLNYKERLFVLTKSMLTYYEGRAEKKYRKGFIDVSKIKCVEIVKNDDGVIPCQNKYPFQVVHDANTLYIFAPSPQSRDLWVKKLKEEIKNNNNIMIKYHPKFWTDGSYQCCRQTEKLAPGCEKYNLFESSIR
T0658,./CASP10/targets_pdb/T0658.pdb,MKKTFLYFCLLFIVQTAFAADSIYVREQQIPILIDRIDNVLYEMRIPAQKGDVLNEITIQIGDNVDLSDIQAIRLFYSGVEAPSRKGEHFSPVTYISSHIPGNTRKALESYSVRQDEVTAPLSRTVKLTSKQPMLKGINYFWVSIQMKPETSLLAKVATTMPNAQINNKPINITWKGKVDERHVGIGVRQAGDDGSAAFRIPGLVTTNNGTLLGVYDIRYNSSVDLQEKIDIGVSRSTDKGQTWEPMRVAMTFKQTDGLPHGQNGVGDPSILVDEKTNTIWVVAAWTHGMGNERAWWNSMPGMTPDETAQLMLVKSEDDGKTWSEPINITSQVKDPSWYFLLQGPGRGITMQDGTLVFPIQFIDATRVPNAGIMYSKDRGKTWHLHNLARTNTTEAQVAEVEPGVLMLNMRDNRGGSRAVATTKDLGKTWTEHPSSRSALQESVCMASLIKVNAKDNITGKDLLLFSNPNTTKGRNHITIKASLDGGLTWPTEHQVLLDEAEGWGYSCLSMIDKETVGIFYESSVAHMTFQAVKLQDLIHQ
T0659,./CASP10/targets_pdb/T0659.pdb,AVVTVDGEVYGTYSLAKDQTIEIQDGNRLRIQNGQAKMEWADCPDQLCVHQKAISRTGESIICLPNQVVVSVQGSKESELDGIVN
T0660,,MYRALYAFRSAEPNALAFAAGETFLVLERSSAHWWLAARARSGETGYVPPAYLRRLQGLEQDVLQAIDRAIEAVHNTAMRDGGKYSLEQRGVLQKLIHHRKETLSRRG
T0661,./CASP10/targets_pdb/T0661.pdb,MISILRRGLLVLLAAFPLLALAVQTPHEVVQSTTNELLGDLKANKEQYKSNPNAFYDSLNRILGPVVDADGISRSIMTVKYSRKATPEQMQRFQENFKRSLMQFYGNALLEYNNQGITVDPAKADDGKRASVGMKVTGNNGAVYPVQYTLENIGGEWKVRNVIVNGINIGKLFRDQFADAMQRNGNDLDKTIDGWAGEVAKAKQAADNSPEKSVK
T0662,./CASP10/targets_pdb/T0662.pdb,MPNDMEDHLLTVLSVASGVPKEEISRDSRMEDLAFDSLVVSELSLKLRKEFGVTGVDDELDLLETVDELFQLVEKHRAA
T0663,./CASP10/targets_pdb/T0663.pdb,MCKKTYLLVVSMLIAGLLTACSGSPTKDSGQAQDNTKKEANASNNALKDEKNNENLMEQDFKVPYTDAINIFKDKYKDADIVDLSLERDLNKFVYTVEGVDDNNEYKMKIDANTKDVLEDKTEKLDSEDLNGVARKEKLDLNDIMTPQQAMEIALKEQNGIVKEWSLDKDLDVTFYKIRIDKDKNEYDIKVDSKKGTVLKVEKED
T0664,./CASP10/targets_pdb/T0664.pdb,MKKNTIIQFIATGMFLFGATACTGNFEDYNKNPHEPDQNDMGVDWYLVRSLALNLQDLMMPEQENFSQYVDCLMAGAFSGYVADSNLGTGWSGRYATYNPSDDWKKIPFNDFYSKFYPDYFNLKNQSDDELFLSLAELYRIVVMLRVTDTYGPIPYSKVGAANAIKSPYDSQQAVYAKMLEDLDNIITVLGKFGNQSFSSSADRIYNGNTSAWYKFANSLKLRMAMRTCYVAGFNVNGKTSQQLAEEAVAAGVMTAATDGAYRKVADHNPWQRFMVLWSDARISADLTCYMNAYNDPRREAYYDKSTFGTVSGNAYTGEESYVGLRRGILQGQYNSWSQGSSCMKVTTSDNIVVFRASEVAFLRAEGALRNWNMGGTAKDFYEEGIRLSFEENGITSGVENYLASTGKVEAYKDPLKGQSAQTYDYSGAINTNVTVAWSGGDFEKSLEQIITQKWIANFPNGMESWTEYRRTGYPKLMPMAANASGGIVNDAEGARRMPYPTDEYRENRESVEAAVATLTQESKTKRGDTMATHVWWDCK
T0665,./CASP10/targets_pdb/T0665.pdb,KNVIKKKGEIIILWTRNDDREILLECQKRGPSFKTFAYLAAKLDKNPNQVSERFQQLMKLFEKSKCR
T0666,./CASP10/targets_pdb/T0666.pdb,MLGLVLLYVGIVLISNGICGLTKVDPKSTAVMNFFVGGLSIVCNVVVITYSALHPTAPVEGAEDIVQVSHHLTSFYGPATGLLFGFTYLYAAINHTFGLDWRPYSWYSLFVAINTVPAAILSHYSDMLDDHKVLGITEGDWWAIIWLAWGVLWLTAFIENILKIPLGKFTPWLAIIEGILTAWIPAWLLFIQHWV
T0667,./CASP10/targets_pdb/T0667.pdb,MMSTLLYIHGFNSSPSSAKATTFKSWLQQHHPHIEMQIPQLPPYPAEAAEMLESIVMDKAGQSIGIVGSSLGGYFATWLSQRFSIPAVVVNPAVRPFELLSDYLGENQNPYTGQKYVLESRHIYDLKAMQIEKLESPDLLWLLQQTGDEVLDYRQAVAYYTPCRQTVESGGNHAFVGFDHYFSPIVTFLGLATA
T0668,./CASP10/targets_pdb/T0668.pdb,GSEEKEEKKVRELTPQELELFKRAMGITPHNYWQWASRTNNFKLLTDGEWVWVEGYEEHIGKQLPLNQARAWSWEFIKNRLKELNL
T0669,./CASP10/targets_pdb/T0669.pdb,MNSQRLIHIKTLTTPNENALKFLSTDGEMLQTRGSKSIVIKNTDENLINHSKLAQQIFLQCPGVESLMIGDDFLTINKDRMVHWNSIKPEIIDLLTKQLAYGEDVISKE
T0670,,MASGKDLQVSTFGYISRCPVQVYEAIADPRQLERYFATGGVSGRLETGSTVYWDFVDFPGAFPVQVVSATQAEHIELRWGQANELRSVNFEFEPFRNFTRTKLTITEGSWPLTPAGAQEALGSQMGWTGMLSALKAWLEYGVNLRDGFYKQ
T0671,./CASP10/targets_pdb/T0671.pdb,MKQTRPYIITALCLQMVLGAILLSCSTENDEYKKDSPSAENPAEPVGALLEDFSIEQLPAKTIYALGENIDLTGLNVTGKYDDGKQRPVKVTPEQISGFSSSAPVDKQEVTITIEGKQKSFSVQISPVRVENGVLTEVLKGHNEIILPNSVKSIPKAAFRGSQINKVVLNEGLQSIGDMAFFNSTVQEVVFPTTLEQLEENIFYYCRNLKKADLSRTKLTKLPASTFVYAGVEEVLLPATLKEIGAQAFLKTSQLKTIEIPENVRTIGLEAFRESGITTVKLPNGVTTIAQRAFYYCPELTEVTTYGTVINENPEAMIHPYCLEGCPKLTRFDISKSIRILGQGLLGGNRKVTQLTIPANVTQINFSAFNNTGIKEVMVEGITPPQVFEKVWYGFPDDITVIRVPAESVEKYKNANGWKDFTNKITAF
T0672,./CASP10/targets_pdb/T0672.pdb,MSLPRLSLSLCLALACGPALASQAPVYGERLEGFDYAYPVHYLDFTSQGQPLSMAYLDVAPKKANGRTILLMHGKNFCAGTWERTIDVLADAGYRVIAVDQVGFCKSSKPAHYQYSFQQLAANTHALLERLGVARASVIGHSMGGMLATRYALLYPRQVERLVLVNPIGLEDWKALGVPWRSVDDWYRRDLQTSAEGIRQYQQATYYAGEWRPEFDRWVQMQAGMYRGKGRESVAWNSALTYDMIFTQPVVYELDRLQMPTLLLIGEKDNTAIGKDAAPAELKARLGNYAQLGKDAARRIPQATLVEFPDLGHTPQIQAPERFHQALLEGLQTQP
T0673,./CASP10/targets_pdb/T0673.pdb,MKLASVVSAVITSLAPMAFAQDVDKDPGRGLPVEEYHYGMQLDVKNVLHRTDNSTRTGVVPVTVVYEDHSGELHKIRFLEWGGSTSNG
T0674,./CASP10/targets_pdb/T0674.pdb,MKLKITVICSVVFSLFFFLLLFLVIFFADDTDSGENNKDSSIPQGGVTVSPEVLAHRPLIEKYGKEYGIEDYVSYILAIMQVESGGTAEDVMQSSESLGLPPNSLSTEESIKQGVKYFSELLTSAEQQGVDIDSVIQSYNYGGGFLNYVRSHGKKYTYELAEQFSKEKSGGQKADYPNPIAIPVNGGWRYNYGNQFYVQLVSQYLTDTSPTEFDDETVQVIMDEALKYEGFPYVFGGASPTTSFDCSGLIQWVYDKAGISLPRVAQDQYDATQEISMEEAQAGDLIFFHSTYNAGTYVTHVAIYLEGNRFYHAGDPIGYGDLSSRYWQDHLIGARRVIHN
T0675,./CASP10/targets_pdb/T0675.pdb,MGDGEGAGVLGLSASAECHLCPVCGESFASKGAQERHLRLLHAAQVFPCKYCPATFYSSPGLTRHINKCHPSENR
T0676,./CASP10/targets_pdb/T0676.pdb,MIIMNKFTILFLTLFLALPMAMKADSAKEKKDDTRYLVGAVPEVDGKVVFSKEFQIPGMSQAQIYDTMTKWMDERLKENKNIDSRIVFSDEAKGTIAGVGEEWIVFSSSALSLDRTLVNYQITVTCKPGNCLVELEKIRFTYRETEKYKAEEWITDKYALNKAKTKLVRGLAKWRRKTVDFADDMFMDVAVAFGAPDTRPKTEK
T0677,./CASP10/targets_pdb/T0677.pdb,TGKWTEEEEKRLAEVVHELTSTEPGDIVTQGVSWAAVAERVGTRSEKQCRSKWLNYLNWKQSGGTEWTKEDEINLILRIAELDVADENDINWDLLAEGWSSVRSPQWLRSKWWTIKRQIANHKDVSFPVLIKGLKQLHENQKNNPTLLENKSG
T0678,./CASP10/targets_pdb/T0678.pdb,MNSLLSRALELQRMAHELMYLDTNGSPIYSDEFCRLNKEVLTRSDSLFSEQSSDIEEEGNLCLALLMGYNATIYDNGDKERKKQVILDRIYNIMSQLPASLLKMRLLTWGYSETYDEELAHEAHQLIETWNISDLTDEQKEIIEELRNFEENQYPWEEVQE
T0679,./CASP10/targets_pdb/T0679.pdb,MKHTFITFILLSLCIFTYAQKKIAREYIEWSDIWIPGANKTDLPHVLLIGNSITRGYYGKVEAALKEKAYVGRLSNSKSVGDPALIEELAVVLKNTKFDVIHFNNGLHGFDYTEEEYDKSFPKLIKIIRKYAPKAKLIWANTTPVRTGEGMKEFAPITERLNVRNQIALKHINRASIEVNDLWKVVIDHPEYYAGGDGTHPIDAGYSALANQVIKVIKNVLVH
T0680,./CASP10/targets_pdb/T0680.pdb,MSIRWMMAAGLAALTLSGCASNDPAPLEQMRLTEQALEQAKAVGATDDVAELKLAQDKYAAAQIAMTAESYKKARLLAEQAELDARLAESKVLTQKSKDQLGELDKSLKRLRKQLGETD
T0681,./CASP10/targets_pdb/T0681.pdb,MKKIIPFFIMICCLLAVSSCSYDNFEEPKATLTGKAIYDGEAVGVRSGSSEFALFQDGYALKGSIPVYIAQDGSYSVSLFNGDYKLVRMGNAPWERPSNDTIYITVRGNTVQDIPVTPYFFVRNVSFAKNGNKITARFTINKVVANANMENVGIYLGTGILTDEKQKEAELKLGNTVSLDQENTAEIEIPSGLVNESYLYARVGVKSDKSSEYCYSQSIKVALK
T0682,./CASP10/targets_pdb/T0682.pdb,MGEILAVDDYVGISFWLAAAIMLASTVFFFVERSDVPVKWKTSLTVAGLVTGVAFWHYLYMRGVWIYAGETPTVFRYIDWLITVPLQIIEFYLIIAAVTAISSAVFWKLLIASLVMLIGGFIGEAGLGDVVVWWIVGMIAWLYIIYEIFLGETAKANAGSGNAASQQAFNTIKWIVTVGWAIYPIGYAWGYFGDGLNEDALNIVYNLADLINKAAFGLAIWAAAMKDKETSTSHA
T0683,./CASP10/targets_pdb/T0683.pdb,MVMKTMRLFKGILFTFCGIIFCFNSHAALEHEKLVNYIALGEFSRETAEIALKKMPPLDTLTVHYDLQLYKINYKTQSPDGNLTIASGLVAMPIHPVGQVGIISYQHGTRFERNDVPSRNNEKNYIYLAAYGNSAGYMTVMPDYLGLGDNELTLHPYVQAETLASSSIDMLFAAKELANRLHYPISDKLYLAGYSEGGFSTIVMFEMLAKEYPDLPVSAVAPGSAPYGWEETMHFVMLEPGPRATAYLAYFFYSLQTYKSYWSGFDEIFAPPYNTLIPELMDGYHAVDEILQALPQDPLLIFQPKFSNGIISKTDRNTEILKINFNHYDFKPTAPLLLVGTKGDRDVPYAGAEMAYHSFRKYSDFVWIKSVSDALDHVQAHPFVLKEQVDFFKQFERQEAMNK
T0684,./CASP10/targets_pdb/T0684.pdb,MRYKKIVLSIIASVLCLGLLNGCGHENEISIKIETYLQEEYGEEFEVLSWNQPKLLPSDNGAIYATCISKNDPKHPFEGSYFNPEEPNSEIEIIYDGYGQRLLAKQMESMIEEAISQAAENYYIQGDIIIPEEWQDIPVEEISQWKNYVDLCNQSNSDYKTLGSAWVYIDASTMKGKTDEEEYQMYEEVYRDKLGGQALLYVYYLDHKSFEKAEKILEIFTSGDEGSNFEDIIEGQPYFGTIMRYGSDKFDDNLEIFKAAKQGKEQEKYQ
T0685,./CASP10/targets_pdb/T0685.pdb,MRYFLQAPIAARPRPGLRMAQITAEFAAMTETVTETTAPASPEADVQGPDFAAMLAARLCHDFISPASAIVSGLDLLEDPSAQDMRDDAMNLIASSARKLADLLQFTRVAFGASASAENFDSRELEKLAQGVFAHVRPTLDWQIEPQAMNKPSSRAVLNIAQIAASALPAGGVATVKGVAADGRFSIIADAKGPRARLRPEVLAGLKGEPLAEGLGGPWVQAAYLNALVRAAGGQIAVEIGEDRASIAAWVPA
T0686,./CASP10/targets_pdb/T0686.pdb,DEKVVDEVKYSEEVCNEQVDLYLLVDGSGSIGYPNWITKVIPMLNGLINSLSLSRDTINLYMNLFGSYTTELIRLGSGQSIDKRQALSKVTELRKTYTPYGTTSMTAALDEVQKHLNDRVNREKAIQLVILMTDGVPNSKYRALEVANKLKQRNVRLAVIGIGQGINHQFNRLIAGCRPREPNCKFYSYADWNEAVALIKPFIAKVCTEVERVANCGPWDPWTACSVTCGRGTHSRSRPSLHEKCTTHMVSECEEGECP
T0687,./CASP10/targets_pdb/T0687.pdb,RDVQNNIVDEIKYREEVCNDEVDLYLLMDGSGSIRRHNWVNHAVPLAMKLIQQLNLNDNAIHLYASVFSNNAREIIRLHSDASKNKEKALIIIKSLLSTNLPYGKTSLTDALLQVRKHLNDRINRENANQLVVILTDGIPDSIQDSLKESRKLSDRGVKIAVFGIGQGINVAFNRFLVGCHPSDGKCNLYADSAWENVKNVIGPFMKAVCVEVEKT
T0688,./CASP10/targets_pdb/T0688.pdb,AAEQTGLKASQDNVNIPDSTFKAYLNGLLGQSSTANITEAQMDSLTYITLANINVTDLTGIEYAHNIKDLTINNIHATNYNPISGLSNLERLRIMGTDVTSDKIPNLSGLTSLTLLDISHSAHDDSILTKINTLPKVNSIDLSYNGAITDIMPLKTLPELKSLNIQFDGVHDYRGIEDFPKLNQLYAFSQTIGGKK
T0689,./CASP10/targets_pdb/T0689.pdb,MKVKILYTALISLIAGGAMAQDCTFFFPQTEGTVWVRKGYDAKGNLQSVMSYQVDEVETLPSGQEVEADYVYTNPSGTIVNKGDIKAYCQNGEFFLDSKETLSYPGVVSEMNTNVDITENFINYPNPYAANFDKNNVYFDEASVKIYDKKNRKNRKDMAIKDREFIKTESITTPAGTFDCAKVKYNIATRSPKSKETITGYGYEWYSPNVGLVRTEQYDKNNVLQSYTVLEELK
T0690,./CASP10/targets_pdb/T0690.pdb,ASDSPMAYTDGSYQFILNADNTATITKYTGNEHRITIPAQVTHGAYIYPVSKIGDRVFCNYKYVLTSVQIPDTVTEIGSNAFYNCTSLKRVTIQDNKPSCVKKIGRQAFMFCSELTDIPILDSVTEIDSEAFHHCEELDTVTIPEGVTSVADGMFSYCYSLHTVTLPDSVTAIEERAFTGTALTQIHIPAKVTRIGTNAFSECFALSTITSDSESYPAIDNVLYEKSANGDYALIRYPSQREDPAFKIPNGVARIETHAFDSCAYLASVKMPDSVVSIGTGAFMNCPALQDIEFSSRITELPESVFAGCISLKSIDIPEGITQILDDAFAGCEQLERIAIPSSVTKIPESAFSNCTALNNIEYSGSRSQWNAISTDSGLQNLPVAPGSIDVTV
T0691,./CASP10/targets_pdb/T0691.pdb,MKKLYFFTMLSIMLLAVTGAMAQKKTKFKAADLKGIWQLCHYVSESPDVPGALKPSNTFKVLSDDGRIVNFTIIPGADAIITGYGTYKQLTDDSYKESIEKNIHLPMLDNQDNILEFEIKDNDYLHLKYFIKSDLNGNELNTWYYETWKRVEMPAKFPEDIVR
T0692,./CASP10/targets_pdb/T0692.pdb,MTKTIEVRNPRTGKFDYVIIPPPPRLLAQQCNRARRAQSRWQELGVEGRITTLQQWKQAILSRREQLTEALVNDTGRLSITVLEIDSFLASIDRWCGLAPELLQTSAKNTSIPFIALQQSLVPYPLVGVISPWNFPLTLSMIDTIPALLAGCAVVVKPSEIAPRFVAPLLMALNTVPELRDVLIFVEGGGETGANLINYVDFVCFTGSVATGREVAETAARRFIPAYLELGGKDPAIVLESANLELATSAILWGAVVNTGQSCLSIERIYVAESKFEEFYHQLIAKAHRLQLAYPLVEDGAIGPIIAEKQAGIINDHILDAVEKGAVIHCGGKVEELGGGWWCRPTVMTNVNHSMKVMTEETFGPIMPVMPFPDVEEAVYLANDTIYGLSAAVFAGSEDEALKVARQLNAGAISINDAALTAMMHEGEKNAFNFSGLGGSRVGAAGLKRFLRKQAFLIKTNSTSDPWWFDKGD
T0693,./CASP10/targets_pdb/T0693.pdb,MIDLAPLVRRLAGTPLAEWANGLQAQLDTKMSKGHGDLQRWQSALDALPALQPEKVDLTDSFTLETECDGETRTVLRKALLGLSPWRKGPFNVFGVHIDTEWRSDWKWSRVSPHLDLKGKRVLDVGCGNGYYQWRMLGAGADSVIGVDPNWLFFCQFQAMQRYLPDLPAWHLPFALEDLPANLEGFDTVFSMGVLYHRKSPIDHLLALKDCLVKGGELVMETLVIPGDVHQVLVPEDRYAQMRNVWFLPSVPALELWMRRAGFTDVRCVDVSHTTVEEQRSTEWMRFQSLGDYLDPNDHSKTVEGLPAPMRAVIVGRKP
T0694,./CASP10/targets_pdb/T0694.pdb,MVLAYYSGYAGNYAALTRYAASFNAVAVDFYNITAQGAVTGNGDPAPNDAISFLLGRKIPAYGCVSNVDGNGNWSADIAHAVSTSAQSQAVANLVKFAQDKRFSGINVDFEAVAQGDRNNFSHFIQVLGRALHAKGLKLIVSVPAFSAKDENHPANYGYDLRALGAAADYLQIMSYDEAIPAWDPGPVAGSDWMEDDLDYAVERVPAAKILNGIPAYGYDWKRPGDGGMLYWKDTQALIARYGAQPRYDAGTHSLTFNYGAADGSRHTVWTENARSVALKASLVNAYGLGGTSLYALGMEDDAFWAAVKQGLAQR
T0695,,KIYAEIDRLESWKIEILNRSIVEEMSKIKHLKMTGQTEEFFEKWREEWDEIVTAHMPKVEELLYDAEENADKYRFKKANQVLVHIDDLLTAAESSIEKILREISDLVTSEEKSREEIEQVRERYSKSRKNLLAYSHLYGELYDSLEKDLDEIWSGIKQFEEETEGGNYITARKVLLEQDRNLERLQSYIDDVPKLLADCKQTVPGQIAKLKDGYGEMKEKGYKLEHIQLDKELENLSNQLKRAEHVLMTELDIDEASAILQLIDENIQSVYQQLEGEVEAGQSVLSKMPELIIAYDKLKEEKEHTKAETELVKESYRLTAGELGKQQAFEKRLDEIGKLLSSVKDKLDAEHVAYSLLVEEVASIEKQIEEVKKEHAEYRENLQALRKEELQARETLSNLKKTISETARLLKTSNIPGIPSHIQEMLENAHHHIQETVNQLNELPLNMEEAGAHLKQAEDIVNRASRESEELVEQVILIEKIIQFGNRFRSQNHILSEQLKEAERRFYAFDYDDSYEIAAAAVEKAAPGAVEKIKAD
T0696,./CASP10/targets_pdb/T0696.pdb,METSVIEASSLKLDDLHHIAISVTDVAQSVEWYTSHFQCRIAYQDSTWALLKFGNLSLALVIPEQHPPHIAFTSDRAGEYGSLKTHRDGTRSCYIQDPSGNSVELMDPTSL
T0697,./CASP10/targets_pdb/T0697.pdb,MDSRFLPATAFIDPEGRNRNEVERLVQQVVDLILAKLTGAAERPPMPETVDLPGPITIPEAAATEATLLQAIRDMVDGSMNPANPGYIGHMDPMPATMAILGDLVAAAVNNNMLSLEMSPSFSRLETLLLRAIAGLFGLGEQAGGVLTSGGSLANLQALAVARNVAFDSVEPGITGLAQRPVIFASEAAHTSLQKAAMLLGLGTAAVIPVRATADSRMDPEDLRARIDQARGAGQHPFCVVATAGTTTTGNIDPLAEIGAIAREHGLWFHVDAAYGGALVFSERHRWRLAGIEQADSITFNPQKWLYVAKTCAMVLFRDAGVLERAFRIPAPYMRATDGFINLGEIGVQGTRHADVVKLWLTLQHIGQQGYARLIDDGYRLAERVVEGVRQRPFLRLAGEIDTNIVCFRGEPDWLPAERWDDWNAALQALLLREGKIFLSLPVYRGGRWLRAVLLNPYTTDAVIDAMFKQIDRFAGRERGQER
T0698,./CASP10/targets_pdb/T0698.pdb,MRFTTEQIDYYGKACNASEDDLVVVKSYKVPSSETGKCLMKCMITKLGLLNDDGSYNKTGMEAGLKKYWSEWSTEKIESINNKCYEEALLVSKEVIATCNYSYTVMACLNKQLDLDKST
T0699,./CASP10/targets_pdb/T0699.pdb,MIDGKFISAIITAAGSGLRMRSKINKPYIEVGGRKVLEITLDTVSRVKEIDEIILVIRKDDEDIIKDILEKYDGNIRYVYGSTTRELSTFEGLKALDPQSELVLTHDGVRPFASEELFLKTINALRKNKAVITATKSKDTVKIIDDDMYVDFTPNRDYVYNIQTPQAFDKKLIYAMYEKYLASEFKVTDDSQLFEFFDRDEKVKVVHGEYSNIKITTQEDIIFANAYLQRKKDV
T0700,./CASP10/targets_pdb/T0700.pdb,GVPYSVLEPVLERCTPDQLYRIEEYNHVLIEETDQLWKVHCHRDFKEERPEEYESWREMYLRLQDAREQRLRVLTKNIQFAHANKP
T0701,./CASP10/targets_pdb/T0701.pdb,MKLGIFTVLFSQMPFEEMLDHVAAAGVDAVEIGTGGYPGNAHCDREALLASAEKRSAFLNAIASRGLEISALSCHNNPLHPNEEVRQKADQELRETIRLAAELGVKTVVTFSGCPGESERSENPVWVTCPWPEEYSRVLEWQWKEKVIPYWTEMNRFAADHGVRIAIEAHPGFVVYNGETLLRLRDACGEQIGINFDPSHMFWQGIDPIEAVHALAPHRCIFHVHAKDTGFNKHNVARDGVLDTKPYREELKRAWIFRTVGYGHDQQTWADLLSALQMNGYDGVISIEHEDSLMSIEEGFQKAVAFLRPLVIREKLQQMWWA
T0702,./CASP10/targets_pdb/T0702.pdb,MSHIHFIGSGQMSEAMIRAIIKHKTASASDITAYDIRPEREKELHDNYGITTFAKPKKNIETLQKADIVVIGVRPQDDLKAVTADIAQNAKEKALIVSIVAGVTLAQFEDLLGKERAIARIIPNTLTDTGLGYSGVVINNQADKALTEKFVSGFGKCLFLEESLIDIFTGFGVCGPNYVYYFIEALVDAGVLAGLPRDIAWETTMENLVGSVKMLEISGKHPRQLLDINNSPAGVGMNSLFALNQSDFTAGLQKSVLAAVKRTTELGQKKD
T0703,./CASP10/targets_pdb/T0703.pdb,MEKLIVGKSLEHQLDTVIKELAPAGNISYAVLQFDDEEEPTLIAARGENTVHSSASLIKVLIMEYVFHLARTEQLDINDTVPLSRTPRVEGGGALQELVGKHSFTYLELCRLMMVLSDNIATNLLITVLGMENINARAEKLGVDEMELNRMMMDFNALAEGRDNHITAMSLARLYKHIFECRDRDVYGREMWNILGRQQFRDILPFYWGEGIRFHHKTGSLDRVEHDGGVIETFRGHFCFILLMSDIDNDRGKELGAQVGRIMKEFVEEALP
T0704,./CASP10/targets_pdb/T0704.pdb,MAAFKDHFTPVADAYRAFRPRYPRALFRWLGEVAPARGDALDCGCGSGQASLGLAEFFERVHAVDPGEAQIRQALRHPRVTYAVAPAEDTGLPPASVDVAIAAQAMHWFDLDRFWAELRRVARPGAVFAAVTYGLTRVDPEVDAVVDRLYHGLLARDWPPERVHVESGYRTLPFPFPELEAPPLEIEERWPMDAFLGYLGTWSAVTAHRRRTGADPLAEIAPALRAAWGTPERPLRVTWPIAIRAGRILPHAGG
T0705,./CASP10/targets_pdb/T0705.pdb,MYKLIRNIGFAVVSLGLGMASCDEDYPKSHIEPYDTELLSIKILNAGANGDKVVEGTIDEAKKTINFPRLDVETDFSALSIEAELSEGAALQSEVMDYSMDAETNEKTQVLRIINHNRYKDYLMKVRKRVPVFGADFEKPTVYNFSGDNIYSDFATNYTRCASYDGEHVLVVSRPTTPNFHTPHLLKVSDLKRGEIKPIMLDVTGVKGGTYDYNMGALINGHVYLSSLSGGKVSPFKIYYWETPTSNPEVIANINVGNIPGAGNRHGDNASYNIDENGNGFIFFGDNAATEFLKVPISGHKTVDIGNIKVLPSKSDATMVTNVYRVGDTDQYLWSGIRVPVTLVDESLGEKYKSKIAGEAVAPKVVTFNEERYLLVCTAGQGAASKASIALEVYDLTKGETIEDALKKFDEGENHNPIYQFKLGGSGNGNALAQTDYYIEKDENGKDAKLCLFASRTQSGFVICEFPIKQEEMD
T0706,./CASP10/targets_pdb/T0706.pdb,RPVWYGEPVDIQPEHRDMMLVVDLSGSMAEEDMKTSNGDFVDRLTAVKQVVSDFIDQRKGDRLGLVLFGDHAYLQTPLTFDRNTVREQLDRTVLNLVGQRTAIGEGLGLATKTFIESNAPQRTIILLSDGANTAGVLEPLEAAQLAKDNHAKIYTVGIGAGEMQVRGFFGKQTVNTARDLDEDTLTKIATMTGGQYFRARNADELAEIYQTIDALEP
T0707,./CASP10/targets_pdb/T0707.pdb,METNNRRDFLKKAALAGASALVAPSLFAADGEGRGELSPKIKAGDLESKLIVPKNNGLKITGTFLDEISHDIPHQNWGEKEWDLDFQHMKRIGIDTVIMIRSGYRKFMTYPSPYLLKKGCYMPSVDLVDMYLRLAEKYNMKFYFGLYDSGRYWDTGDLSWEIEDNKYVIDEVWKMYGEKYKSFGGWYISGEISRATKGAIDAFRAMGKQCKDISNGLPTFISPWIDGKKAIMGTGKLTREDAVSVQQHEKEWNEIFDGIHEVVDACAFQDGHIDYDELDAFFTVNKKLADKYGMQCWTNAESFDRDMPIRFLPIKFDKLRMKLEAAKRAGYDKAITFEFSHFMSPQSAYLQAGHLYDRYREYFEIK
T0708,./CASP10/targets_pdb/T0708.pdb,MSVPTTMFRLTGRDYPPAKLSHASLIIIDAQKEYLSGPLKLSGMDEAVANIARLLDAARKSGRPIIHVRHLGTVGGRFDPQGPAGQFIPGLEPLEGEIVIEKRMPNAFKNTKLHETLQELGHLDLIVCGFMSHSSVSTTVRRAKDYGYRCTLVEDASATRDLAFKDGVIPAAQIHQCEMAVMADNFACVAPTASLI
T0710,./CASP10/targets_pdb/T0710.pdb,MKKSYLLAALIFFLAGLLHGTAFAASGKSSKALNEAAEQGDLAKVKNLVQKNKIDLNAQDETGMTPLMNAAMGGNLDIVKFLLSKKVNLELKNNGGETALAFAVTNDAYDVAEELIKAGANVDIIVAGDEGDTLFMRAAQNNKKTAESILAKNKSLINKANTLGETALFAVARYGTPADIDFLIKKGADLKLKNKKGQTALDVAKEASNQDTAKALSKKK
T0711,./CASP10/targets_pdb/T0711.pdb,GCPQGRGDWAPTSCSQDSDCLAGCVCGPNGFCG
T0712,./CASP10/targets_pdb/T0712.pdb,MRKAILFCLAITLLGTMLISFSACNGILSSLYDEPETAKDFGFITIDHANHSGTVRVDATQYTKWNYINLHTLQIDSAKVTAEGADDPDTWDLAIHRYDVKTNGGEVLETDYQSLSALKNAGSMPQGIFVADEWTTNKIAVDVSHMMEDNGYLIYAPSDFNPELSKWLNVDTSEMPPIYTPSNKVYLLRMKDDTMAAIRLVSYMNAAGIKGYMTFDYIYPYEP
T0713,./CASP10/targets_pdb/T0713.pdb,MKNLFKRIITTILVLTMVMGFNVPFSATTVMAASITYNVSSTIKGVLTDDGVLTISGTGAMPDYTKIANIPWYKDRDRISEVRVNSGITSIGEANFNSCYNMTKVTVASTVTSIGDGAFADTKLQSYTGMERVKKFGDYVFQGTDLDDFEFPGATTEIGNYIFYNSSVKRIVIPKSVTTIKDGIGYKAENLEKIEVSSNNKNYVAENYVLYNKNKTILESYPAAKTGTEFTIPSTVKTVTAYGFSYGKNLKKITITSGVTTLGDGAFYGMKALDEIAIPKNVTSIGSFLLQNCTALKTLNFYAKVKTVPYLLCSGCSNLTKVVMDNSAIETLEPRVFMDCVKLSSVTLPTALKTIQVYAFKNCKALSTISYPKSITLIESGAFEGSSITKYPTWLSKGNNGDYGIFTKIKYKGTDKYSEAYKVLKIVNKERKSKGLSELKMDKDLLDVAMQRAAEVALYFSHTRPDGSSCFSATDKMEAENIAGGQSSADAVMTSWMNSAGHRANILTSYFKTIGIGCFTQGGTVFWVQCFGTDTPATVSRPADKNVVVTVTVDGDFLSKTKLRLDSSSYNLKIGNKKTVKLYVQNPEWASQNVLLDNSNFTFKSYNTKKATISATGKINAKTVGKYKIKATLKNATGTSVTKSGKITFPQPKIKVTVKKKKAIVAWKKLKAAKGYYVYRREAKGKKYTKWKKVKNIKKNTTVKYKDSKLKKGKTYQYKVVAYNRKNKGTSAIKKIVIK
T0714,./CASP10/targets_pdb/T0714.pdb,PVHIVDPREHVFVHAITSECVMLACEVDREDAPVRWYKDGQEVEESDFVVLENEGPHRRLVLPATQPSDGGEFQCVAGDECAYFTVTI
T0715,./CASP10/targets_pdb/T0715.pdb,MTVNEQLVQDIIKNVVASMQLTQTNKTELGVFDDMNQAIEAAKEAQLVVKKMSMDQREKIISAIRKKTIEHAETLARMAVEETGMGNVGHKILKHQLVAEKTPGTEDITTTAWSGDRGLTLVEMGPFGVIGAITPCTNPSETIICNTIGMLAGGNTVVFNPHPAAIKTSNFAVQLINEASLSAGGPVNIACSVRKPTLDSSKIMMSHQDIPLIAATGGPGVVTAVLQSGKRGIGAGAGNPPVLVDETADIRKAAEDIINGCTFDNNLPCIAEKEVVAIDAIANELMNYMVKEQGCYAITKEQQEKLTNLVITPKGLNRNCVGKDARTLLGMIGIDVPSNIRCIIFEGEKEHPLISEELMMPILGIVRAKSFDDAVEKAVWLEHGNRHSAHIHSKNVDRITTYAKAIDTAILVKNAPSYAAIGFGGEGFCTFTIASRTGEGLTSASTFTKRRRCVMSDSLCIR
T0716,./CASP10/targets_pdb/T0716.pdb,PDSFGIRAKKTKEQLAELKVSYLKNQFPHDSEIIRLMKITGLTKGEIKKWFSDTRYNQRNSKSNQCLHLNN
T0717,./CASP10/targets_pdb/T0717.pdb,MKKLIIRVVGVLFLVGFLIYLFYSPRLKFDVLENPNKGNKVNRSEQVNKSNNHAENPKPKEGVGTWVGKDIKVLTSKFGQADRVYPFRDGYKNYVFKDKNSYYIVSTKREEIVSVYATGEKVNVSPLKIGQHSAEIFNHTSINPEPSFKVDGKKYEFELSDEDLKTQTLIKYGDIYAQVYSDQQSKKVLSVRFLTKEMLADIEPYQLNSNSTSEEHNKRPVEQNPNQLISLYEVTNEMRKLKGLKPLKINSDLAHIASNNLYEATSNGSDSVEFTEDALRGQLDKNHVTYKTTAQNVGYAFNDVPTLIHSWMNSDIHRSRLLNSKYDEMGGDVMRDYYSLIFLEK
T0718,,SRIFLVSVEEPLLVKLVSELTPLTVHEGDDATFRCEVSPPDADVTWLRNGAVVTPGPQVEMAQNGSSRILTLRGCQLGDAGTVTLRAGSTATSARLHVRE
T0719,./CASP10/targets_pdb/T0719.pdb,MRSKLLNITSRLLGVLIVIAVTIVNSSCSDTETTDSTKFTIYYTGMTDIGPSMTGVISSPTYKGGTPYDFAITRITLDGEPFSDSIFAIDSETGKITLNSTSNTPVGLYKLSVACYSNNNRYEYTDIVEINMMKPVPDGIKTDPEKLQVEYADIIDTESSNELPTSQIRTEGNHISISNYTIASAMWNGVAVESPEDYFAVSDKGEISIIKGNQNIQPGKYILSFKLTTAATGEDPEKGIFENALEINVTSRPLSLIYTPDEGKIEEEGERSPETTFQSNIPALKGSAEGLVYSISSVSPNTDKITIDPTTGVLSVAAHHGFKDGEKYQISVKAINEFSPEGVVFENVFTLNTVEFIEPIANFGYADVNDVQAVEIDINKNENFKGDEVKYEFVNLPTDLQGELALDLDGNIAIKKGNKIPVGQYTVQVMATNTKGSETATFTLTITANPNYFTYFRYGNNLGLTPIENYADQFRIEAGGKLNSVKPVPTATDAKDGLSSLKWEVELKHNPNNTKATINESTGQITITGLKQGQCGMVMVTATAGEGKTAVSVKQPVFFHFSMISDSNVQLEYTPFVFQVNPARGGESIAPSLGAGIDKSTFRLDYRRDFFYYNIAGPDSHISGALAQKVDNFLSEMWNSYDATAGTSRKPMSYFENTTNLSKALGYIDQTDFKVHINPNLWRNKDGYANGAMIGQITYDVTGKDPQAATSGARVSPIFIWFDTKF
T0720,./CASP10/targets_pdb/T0720.pdb,MITEFLLKKKLEEHLSHVKEENTIYVTDLVRCPRRVRYESEYKELAISQVYAPSAILGDILHLGLESVLKGNFNAETEVETLREINVGGKVYKIKGRADAIIRNDNGKSIVIEIKTSRSDKGLPLIHHKMQLQIYLWLFSAEKGILVYITPDRIAEYEINEPLDEATIVRLAEDTIMLQNSPRFNWECKYCIFSVICPAKLT
T0721,./CASP10/targets_pdb/T0721.pdb,MKYIDCAVIGAGPAGLNASLVLGRARKQIALFDNNTNRNRVTQNSHGFITRDGIKPEEFKEIGLNEVMKYPSVHYYEKTVVMITKQSTGLFEIVTKDHTKYLAERVLLATGMQEEFPSIPNVREYYGKSLFSCPYCDGWELKDQPLIIISENEDHTLHMTKLVYNWSTDLVIATNGNELSQTIMDELSNKNIPVITESIRTLQGEGGYLKKVEFHSGLRIERAGGFIVPTFFRPNQFIEQLGCELQSNGTFVIDDFGRTSEKNIYLAGETTTQGPSSLIIAASQGNKAAIAINSDITDERF
T0722,./CASP10/targets_pdb/T0722.pdb,MHHHHHHSSGRENLYFQGAGPLLTEELIKALQDLENAASGDATVRQKIASLPQEVQDVSLLEKITDKEAAERLSKTVDEACLLLAEYNGRLAAELEDRRQLARMLVEYTQNQKDVLSEKEKKLEEYKQKLARVTQVRKELKSHIQSLPDLSL
T0723,./CASP10/targets_pdb/T0723.pdb,GSAGALESSLDRKFQSVTNTMESIQGLSSWCIENKKHHSTIVYHWMKWLRRSAYPHRLNLFYLANDVIQNCKRKNAIIFRESFADVLPEAAALVKDPSVSKSVERIFKIWEDRNVYPEEMIVALREALSTTF
T0724,./CASP10/targets_pdb/T0724.pdb,MAKNVLKAWLVDNTVTTDDKTDKIFQLETTRSIDKEIILDRMVAKNPGVRRETMALGIELMEEVVAEALMNGESVNTGLFRGVAQFRGVAKQNAWDAATNSIYVSLTQGKALREAIKDTRVDVLGERPTKFYIGSGQDATTRATDFSATAGRNFTLFGKNLTVAGTDPSVGVTLASAATGTVTKIDNDMIVLNEPSRLIILLPASLEDGEYMLTVTTQYRGGGGALLKTPRSTSHTIYIGGAPETGGSTGPPGDSDGDLNENPLG
T0725,,RVRRDVVHSTLRLIIDCSFDHLMVLKDIKKLHKQIQRCYAENRRALHPVQFYLTSHGGQLKKNMDENDKGWVNRVRRDVVHSTLRLIIDCSFDHLMVLKDIKKLHKQIQRCYAENRRALHPVQFYLTSHGGQLKKNMDENDKGWVNWKDIHIKPEHYSELIKKEDLIYLTSDSPNILKELDESKAYVIGGLVDHNHHKGLTYKQASDYGINHAQLPLGNFVKMNSRKVLAVNHVFEIILEYLETRDWQEAFFTILPQRWKDIHIKPEHYSELIKKEDLIYLTSDSPNILKELDESKAYVIGGLVDHNHHKGLTYKQASDYGINHAQLPLGNFVKMNSRKVLAVNHVFEIILEYLETRDWQEAFFTILPQR
T0726,./CASP10/targets_pdb/T0726.pdb,MIAYDITPIDLHGHLFNVSLTIEQTNDEQELWLPNWIPGSYLIRDFSKHIIGLHAESNGLSLPVKQISKNRWQLARSKHPVTVHYQVYAWDLSVRSAYLDQFQGFFNNTSLCLAVEGQTDLPCELHLHAPPEAPLWKVATGMPRKSGQPHSWGCFRADNYDALIDYPFLIGDLTIEEFIAHGIKHSLVLSGRHYADTSRITADLAKICETQISLFEEAPFQSYTFLTMVVGNGFGGLEHRNSTALLCSRKDLISAHQYEMNDNYQTFLSLCCHEYFHSWNIKTLKPKAFLPYQLEKESYTEQLWFYEGMTSYFDDYLLHTSGIIDEKRYLKLLGDTLSRVERGAGQYQQSVTESSFLAWTKFYQQNENAPNSIVSYYAKGALIALSLDLMLRLQSDHKLTLARVMKELWHEFGKTSIGTADDTVINWLNQYPGIDISDFLKDALYNKESLSLVELLQNFGVMVQKQVPVDDNSVGGKASEQPARVNFGAKYKASPQGLDVLNVYHDESAYHAGLSAGDKIIAIDHLQATEQSVKRILERYIPGDTVTIHAFRRDELMTLELTWQEPAKSSYVLSVEQPDKLKGWLTPSGLEHHHHHH
T0727,./CASP10/targets_pdb/T0727.pdb,YMFIQTQDTPNPNSLKFIPGKPVLETRTMDFPTPAAAFRSPLARQLFRIEGVKSVFFGPDFITVTKENEELDWNLLKPDIYATIMDFFASGLP
T0728,,MKKLVIILISIISMVSLTACKKSNESKYNNLNNKESGQTTIEMDLDKNYDTSDPFVNARLFCVSNDIDVLDTEISFKMDGDSGIVEIKDNKTDETLWSNTWHGSVDNDTFTISLSNIQKEKEYAICFTGIKINHAVVKVTFESNLVKEKEKPSK
T0729,./CASP10/targets_pdb/T0729.pdb,VAEPPVRVVAPEAAQTRVRSTPGGDLELVVHLSGPGGPVRWYKDGERLASQGRVQLEQAGARQVLRVQGARSGDAGEYLCDAPQDSRIFLVSVEEP
T0730,,MKTKNYLSIISILFFSFLFVSCSKEDEGDTIKPVIDLLEPEEGAILRIGSSHGVHFEMNLHDNEAIASYKINIHNNFDGHSHTRASEAGITKPFTFERTYTDKAGQKDAYVHNHDIKIPADATPGNYHLMVYCLDQSGNETYVVRNIVLSVEGGEEGEHHHDEHHHD
T0731,./CASP10/targets_pdb/T0731.pdb,KHSSRLEAHLTRDELRAKALHIPFPVEKIINLPVVDFNEMMSKEQFNEAQLALIRDIRRRGKNKVAAQNCRKRKLENIV
T0732,./CASP10/targets_pdb/T0732.pdb,MATEQIQHIAIVGCVHGKYREMYRQLSEYEKSTGKEISFVICTGDMQTLRYEADLVYLKVPPKYKQMGDFHLYYEGKEKAPYLTLFIGGNHESSNVLLHLYNGGFVCFNMYYLGVCSCININGLRIVGVSGIYKSFDEKKPYTYPPSPNDVVSLFHTRNYVIQMLSNLSQSSQIDISLSHDWPQGIVMKGNYKQLYRFQPGFKKDGASLGSPINKVILNTLKPKYWISGHMHCEYHAEEGPTHFIALGKIGYKNAISYLDLPLKQKTDLEYDKDWVCNLIMTWPAFSNKAQFPDLSYSISELLSKRTKELDKKIIELWEKYIGLKIIYDSDTFDIQFTSRRFYIEKIYNELNIN
T0733,./CASP10/targets_pdb/T0733.pdb,MSARLNIGLIGSGFMGQAHADAYRRAAMFYPDLPKRPHLYALADQDQALAERHAAKLGAEKAYGDWRELVNDPQVDVVDITSPNHLHYTMAMAAIAAGKHVYCEKPLAVNEQQAQEMAQAARRAGVKTMVAFNNIKTPAALLAKQIIARGDIGEPVRFRGTFDQGFYNDPNLPWSWRCSKTLGGSGALGDLGAHTLSVAQFLLGGIREVTASAQTCLRQRPVPQRDAGYASRVAADAEWREVENDDQVQCLVNFDSGAAGVIEASRIAAGRIFGVFWEVSGTEGTLYMDGERFNELQVYRFNDDKHDRGFKTLYAGSQIPAYAGFFGFDFGGGGLGYFDVKVIEVHDLVQGICGDDDCYPNFEFGLQNQRVLSAIEASMVSRRWVNVVKD
T0734,./CASP10/targets_pdb/T0734.pdb,MADLDSKAKSPFVFKSAYYLSLYTKRRARNLRQLAEGIRAADPGVIFHHVFHVVFAKHLLHPYYTNDFARWVGEELNDDDLAIELSSISGAEPATVEDVRRELLAVLEPRADERAARREFVFVSMVPIVYEVGLKAETLAEFLDAVAAAPPESVAYHFVTARVLYGNGRNDFSRWLVEEFGLTSAADALSRIDPLIYNDERQLKSEVVRTLERALL
T0735,./CASP10/targets_pdb/T0735.pdb,MTNDHYVSKKKMFAVVFCVFAPNEVLLANDTAVGGEGSLPIPVSQPHIKMVSELIRISGKNLNEPQMNGSWHYNCNFTFKNTLNKEVTISMAFPFPINDGNSEIALPAGQQTNVGQALVYDFLVTVNDKQVSAQRGNIAPDQNKGLYYEDAYFWKTTFPPLATVNIHHDYSTGATYDVMGYHWVRYVLKTGALWQDSSIGHTRLEVIPNTPTRLCSEIDQKADYLNPTPSGMSISGSRADRKYIWDLRHFQPQADLSLCLFTGISYVRYKVIYPWLNSDDALSKLARLSNKELRFLRNTIYAQYGRQFQSPDLQEYFSKKWWYVPNPDYSDRMLNEEDKKLLSMINQAK
T0736,./CASP10/targets_pdb/T0736.pdb,MTLEARIEALEKEIQRLNDIEAIKQLKAKYFRCLDGKLWDELETTLSPNIETSYSDGKLVFHSPKEVTEYLAAAMPKEEISMHMGHTPEITIDSENTATGRWYLEDNLIFTDGKYKNVGINGGAFYTDKYEKIDGQWYIKETGYVRIFEEHFMRDPKIHITSNMHKEK
T0737,./CASP10/targets_pdb/T0737.pdb,MSLSKQVVPTHRVEIAPNSESTCKMDHSNYQHNGLITKIWGTAGWTFNHAVTFGYPLNPTSDDKRRYKNYFISLGDVLPCRLCRESYKKFITTGKTALTNEVLRNRHTLTKWFYDVHNAVNNKLEVDYGLSYEDVVNKYESFRAKCGKPVPTVKGCVTPLDHKAFSFKKLYYMDAPIVSLDKVENFVRIARMRGISDKYFCFLELATVLNGDFNELKKQSSWEYRNKYCQKKIRHMRENAIPSIEEQGYWKGTPTIDELKLLLFLCSNLNRTEVNDAINNVERLESTHYIEN
T0738,./CASP10/targets_pdb/T0738.pdb,MNLVQDKVTIITGGTRGIGFAAAKIFIDNGAKVSIFGETQEEVDTALAQLKELYPEEEVLGFAPDLTSRDAVMAAVGQVAQKYGRLDVMINNAGITSNNVFSRVSEEEFKHIMDINVTGVFNGAWCAYQCMKDAKKGVIINTASVTGIFGSLSGVGYPASKASVIGLTHGLGREIIRKNIRVVGVAPGVVNTDMTNGNPPEIMEGYLKALPMKRMLEPEEIANVYLFLASDLASGITATTVSVDGAYRP
T0739,,MNEMFSQGGKGSTGILTNKQAVARHFGVKQSEVVYFSVGVDLGGYKVIYDKETQRAYSLPVGIASGTTAVSLSTAAVLVHSAGSVDLGSLAVSREEYVTLPGSFDSGSTLNVKNELLTYTDGKYRWDGILPKTVAPGSTPASTGGVGLGAWISVGDASLRTQLANGDGSLIGIHPQGTLNNVLTVRTPEQYNAVGDGIADDTSKLKEMLSDINNVPETLPDAAAVNSYMEQVAVKIDLTKLYRFTETLYIPPGVSIEIPTSNFFTRECKQGLFYDPVDKNTAAISLMVYRKQPDGSYKLNKDVDYYPTGLDIDNGDAITCARKIDINNLNLITAPGVKVGVKWIGGAGCTTKGLSIGENTGSDITTARLPRVGLLQSASWGSIHENLRILYKTQGAVFIDSNGGAAVNNAYISRLGNTNGELEQAVYKPAGFTEVGDVAVTQFAGSEVKFNSPIIEQASFDFVHAGRDTDSYGLFMVDKPHIESSGGKKKHSFYLINTSSNVTLSGVGLSGQDPDLDSMYFLKNCPETARNVVRGQMPISGVKLVRGTGNYPTLVLDCTNMGSQFQFGEVGDIFYIKDVVGVKADTLYIDPVNGNNYNWGTNGTKPIRELTNIAKICQLFRCKSVYLNAGESVITSNTELPMVVFEGPGSLKANSGSSFLIKAGGTLSLIGLSGISTDGGHMFRVSTVEKVNIHTNCSVNAGAAYVVLSEVQGNIEYRQLFYSVNCSKYIGATAGQTIAGIMVKTATRPTGIDAAPVDGNVSLTYKIIES
T0740,./CASP10/targets_pdb/T0740.pdb,MATVGQKRTRAEVGYPLSWLKDKHPIEEPDLEYSLKWFKKHEYDLETSKLQEVSEKVGDAYDTLCETTQEVVKAVGYSVISDIQGEHVVDRIDWRHACDKCIDFGELIDEIYYELTIAMINTKLENADIDPDMVEEMASDLARDIQSSEMSEIDYNRRIQEMIDA
T0741,./CASP10/targets_pdb/T0741.pdb,MEHGLSGKFIYVKHLDIKTKGVFMKLMIAMLMMLPTLATAATEIVYNSSSNPYIPARGYVTAQQICLNANKDSFKIFVAQHTVETCDSVKTDYSDSTRPKKVCVGRKMVTVPATTKIVSAFTKKEVCQKWNRNDSAYPRCVSSVMKDTMYSTSYTQYKYEQADWRRERPVSSVNKYIETCK
T0742,./CASP10/targets_pdb/T0742.pdb,MPYASNKKTNRMKLNRRVTIITRFSGIMFSLLLLGGLAACSDDNNGSDTPEPEPSTYPTTPFSKIELKEVIESDAQPVTATHTYLYNSAGRLTGYTGKQSFTAGDELFEIENTTTVEYKDHQAVITDEAGTVSTYTLNDKGYATTCTSQDMAGNTRTYTFSYLINTEDKYYLENITEKLDDGKEYSFITIDYSNFRALRIQQKVDTFEHNSTATTPSGNEIANISEIPSLFITDMYPLSMHAVAIYGKILGEPANYLITQLIPDSNGESEETTTYTYTLDNRGIVTSCHAVVRHIRNGYEQDYTRTVNYTIE
T0743,./CASP10/targets_pdb/T0743.pdb,MKKNMKKLAVGFGVFVMAVGSLMGCSSLGSGGNEQGEILKELPEGFDKETVRKQAMEDIEIAQSKDYESWKSRFTKDLQSSLTEESYDSYLKILEKQGEFKEFGKCTYLGQIKDNKKYGGVIIVVKYEEGNVNYSLAYDEDMNLVSFTM
T0744,./CASP10/targets_pdb/T0744.pdb,MSDTRLDVATLANAVQLAARAPSLHNTQPWRLIAEDGELKLFLDPSRVVRSTDRSSREAVMSCGVLLDHLRVALAAAGWDTEVQRFPNPNDRDHLATLSFRPLQFVTEGHRKRADAILARRTDRLPMSAYVDWDAFETLLRARLGDGPVHMDTLGEDVREEVAEAAALTESLRLYDAAYHSELAWWTTPFATEDGIPQTALISAEESERVAVSRDFPVAPHSSRRPALNNDAATIVVLSTDGYSREDALDAGEGLSKVLLECTMSGLATCPVTHVTELHTSRDIIGRLIVRDACPQVLVRIGLAPALDEVPPPTPRRPVDAFLEVRPRS
T0745,./CASP10/targets_pdb/T0745.pdb,RVRRDVVHSTLRLIIDCSFDHLMVLKDIKKLHKQIQRCYAENRRALHPVQFYLTSHGGQLKKNMDENDKGWVNWKDIHIKPEHYSELIKKEDLIYLTSDSPNILKELDESKAYVIGGLVDHNHHKGLTYKQASDYGINHAQLPLGNFVKMNSRKVLAVNHVFEIILEYLETRDWQEAFFTILPQR
T0746,./CASP10/targets_pdb/T0746.pdb,MKKIKFLAVALAAFTMFSCTNDEVENLGNNVPGEQAVLTIKLKGDGDNQAQSRAAGPATDTEDAVINNYLVFLFREGGALDCAPYEGSSNAAATITTGTTAAKKAYVVANTGALAGGLFATVKTETDLLAVTGSLMDNTDNASTQTKTNLWMSGESEVKFNGGTNAQVTVSLSFVAAKIQLIVKDNRKNMTGGTITITDDAAVLLFAGKKGRFFGSAAEKVTQNEFYTGFNQYTGAFDSGVTTSTALSDAVSPGDFTINAGSTVFNHFYTFGNDGTTQPTILAIKSTKTVGGTSSPIFYPILFTNTDARHTIEPGKSYTVTVTLNGDVAAGGGGGTTDPEEPVVSSSIEVTVTAAQWVTQPVDKEFN
T0747,./CASP10/targets_pdb/T0747.pdb,MKKFELVLLVMLLIHSFSVMIEAKQHVKTKSDWVIQRTPVDPEWLKVYVDDESKRLCLNFKDSFAPITVEVKDIEKQIVFQSIIFPVAAGEYTLYLGDLSLGQYELYMYNASVKVVGNFTL
T0748,,SGARCRTLYPFSGERHGQGLRFAAGELITLLQVPDGGWWEGEKEDGLRGWFPASYVQLL
T0749,./CASP10/targets_pdb/T0749.pdb,MFKIGIMKNIFLFFLFLGVCSCSVNAINPPSGVTEKQLSDDELMTLVQKQTFRYFWDFAHPESGLAHERSNGGAETATIGGSGFGVMAIIVGIERGFVTREQGAERMLKIVRFLSDKNTDSYHGMWAHWMNGKTGKTIPFSRKDDGADIVESAFMFEGLLAAHQYFTKDNPTENRIRGIINNLWRQAEWNFFTQGQDVMYWHWSPNNGWAMNHQIKGHNECHIVYILGASSPTYPIAESVYHKGWANANTFLNGREYYGIKLPLGNNHGKGGPLFFTHYSYMGLDPRGLKDRYADYEEQMKAHTLINRAYCIDNPKGYKGYGEKCWGLTASDGDKGYSAHSPGNDRGVITPTAALSSIPYAPEYSLEAMRYFYEELGDRLWGEYGFKDAFNLTENWFAPSYLAIDQGPIIVMIENYRTGLIWKLFMSHPDVQKGLRRLGFTSPYLNKVD
T0750,./CASP10/targets_pdb/T0750.pdb,MRILMLGNSLTTANHMPDMLAELLTAEVRVHARGGARLAEHLNPKTRNGALTQAALANEAWDFVVMQEMSHGPATSPTAYARSVASLSEAAKAAGAQPVIYGTWPYRAGCAKLVKLGMSHDDMSLRMAEAFAQAAADSGALLADVAAPFRAGSADELYAADGVHPSPAGSRLAALVLAETMGKGIRPW
T0751,./CASP10/targets_pdb/T0751.pdb,QMLLNQLREITGIQDPSFLHEALKASNGDITQAVSLLTDERVKEPSQDTVATEPSEVEGSAANKEVLAKVIDLTHDNKDDLQAAIALSLLESPKIQADGRDLNRMHEATSA
T0752,./CASP10/targets_pdb/T0752.pdb,MDAETDRAEIIELFGRYADIADLKEFTDLPRRVHTDPLTIDFESVTGMPPMTVPLSDYGAALRASFGAFSATHHAITGHVVTIDSDRATIHAHVRAEHWLPAEVAGDGPDRWLVVGFYDNEAVRTADGWRLSSVKLTASYQENAHLARAAAAGQAG
T0753,./CASP10/targets_pdb/T0753.pdb,MLLSTDIWVAALIRRAELGGAFATVARKGDARAGAVLVKAVDRREGTARLFSEATRGDGERFWMQPVRSTFEPDLDAYAERAARIDPDIWVVEIEDRDGRHFLTEPVES
T0754,./CASP10/targets_pdb/T0754.pdb,SEDGSYGTDVTRCICGFTHDDGYMICCDKCSVWQHIDCMGIDRQHIPDTYLCERCQPRNLDKERAVLLQRRKRENMSDGD
T0755,./CASP10/targets_pdb/T0755.pdb,ASKQSASGTIEVISRENGSGTRGAFTEITGILKKDGDKKIDNTAKTAVIQNSTEGVLSAVQGNANAIGYISLGSLTKSVKALEIDGVKASRDTVLDGEYPLQRPFNIVWSSNLSKLGQDFISFIHSKQGQQVVTDNKFIEAKTETTEYTSQHLSGKLSVVGSTSVSSLMEKLAEAYKKENPEVTIDITSNGSSAGITAVKEKTADIGMVSRELTPEEGKSLTHDAIALDGIAVVVNNDNKASQVSMAELADVFSGKLTTWDKIK
T0756,./CASP10/targets_pdb/T0756.pdb,METTGQMPATSSLVDLLHHPLRWRITQLLIGRSLTTRELAELLPDVATTTLYRQVGILVKAGVLMVTAEHQVRGAVERTYTLNTQAGDADHDGVDADRLRTMFTVFVAGVGGHLDQYLEREQIDPLADGIAFRQTALNLSDEELAEFLTAFGEFLAPYVAHSPAPDRTRRVLSTILIPD
T0757,./CASP10/targets_pdb/T0757.pdb,MAFIQTDTFTLRGYECDAFGRMSIPALMNLMQESANRNAIDYGIGIADLAQKGVGWMLMRFCLRIHQYPRYGDTIQLMTYPTTVDKYFIHRDFRVLATDGTLLADARSTWLVFSMEKRSMVPLPDFIRQLSPPANVDPLPALPLKPDFQTASFATAASKSVQVGWLNIDQNQHVNNVAYVQWLLEGVDSEIVQTREIAEIDLVYRTESHWHDWLSVQSVTETDNSVLHRISQTESGKDVLLARSRWR
T0758,./CASP10/targets_pdb/T0758.pdb,MYDGLSRDEQRLLNHVREYGEKYFTPASISKWRKDQGLPDEVVKAFVDLDFNGFGVIHRRNHRTYDLFAQVLVIEELSRISGACLPFQNDLLQLQILEAFASSAQTSPFRTEYQDTGRLSYALAISEPEAGSDTRSMRTHVTREGDTLVMNGTKMFVNNGEYAPALLVSAYDKTGDDGEPEFSFWMVPRSAAGIYAYPEQKIGQSMLPFATVRFDNVEVKESWRLKGSSKGFSQLYSLLEYGRVFTCAAALGEAQAAMEDAVAWARGREAFGQRIADLQQVQMKLTEMEVKLTNMRNLVYGAAREYDRGEHKRLSVALMKYYVPKAATEVASDAMQILGGRGYIQENRVSSIWQDCRGYQFADGTDEVMVVIAAPLILEQYKASKNNR
