time_stamp,ID,pdb,sequence
2018-03-17,5NBGB,5NBG,MISASDLALLTRQLATLVAAALPLEEALDAVAKQSEKPKLSALMAAVRAKVVEGHSLAEAMGNFPGSFERLYCAMVAAGEASGHLDAVLNRLADYTEQRQQMRSRIQQA
2018-03-17,5NNHA,5NNH,SASGVDDRDLLLAPKWISFLSLSSFLKQKLLSLLRQIRELRLTTTVYPPQDKLMWWSHCCDPEDIKVVILGQDPYHKGQATGLAFSVDPQCQVPPSLRSIFRELEASVPNFSTPSHGCLDSWARQGVLLLNTVLTVEKGRAGSHEGLGWDWFTSFIISSISSKLEHCVFLLWGRKAIDRTPLINAQKHLVLTAQHPSPLASLGGRHSRWPRFQGCNHFNLANDYLTRHRRETVDWGLLEQ
2018-03-17,5NXKC,5NXK,IEEVSNEEELKAALRDASITTIKLKNNITLNNAITINNGNRNITIIGDGHYINALNSDGGIILNNRGGSAKIDLTIENATLYNTSKYGFVNMSSNGVDTVTYKDVTAYGGTLVWSKTGAGVKTLNLVGNTTLNSVKSYEVDGQSCGTEAFSHRTPDGDKTTALYVSNAINIAENANVVLNNSATDIDMWLLTAVPSTSGISTVTVGNNASLTMENIGNTEYNIKLDGGRENHFIVNENAAVKMSAKVDNVRIIPQLENIFTRGNIELAKGSNVHLEVITGSNFRVAGTVANRIDFNGTATLIKQEGASGP
2018-03-17,5NY0A,5NY0,EDIQADATAANASELKKALQDTSVHTIKLTDNITLTSAIELTNVSRDVTIYGNGKYINATDGNGGIFIHNTKSYTVNLTIEKATLYNQSQYGFVHMNDEGTDNITYKNITAYGGTLVWSQTHVGTKTLSLEGTVNFYSVPSYTVGGQTYSTDAFKIGTHYPNGENKDTTPAIYVSNEINIADNANIALENSATKIDIWMIADIGIHPHTTALTIGNNATLTMENGNNSALNIKLDGDTSNSFTVGEGSTVKLSAKVDNVRILPYEDSNTANVSFAKGSDVTLHAGTGSNLRMGASISNQIDFNGKATFIKDSGAYANTAYADQTRGNIEFDYYWNDQQKTGSTGVANFNPGSNVLFQAGPGASNVNTY
2018-03-17,5OF2A,5OF2,NDIKSKDATFASGTLDLSAKENSASVNLSNLKPGDKLTKDFQFENNGSLAIKEVLMALNYGDFKANGGSNTSPEDFLSQFEVTLLTVGKEGGNGYPKNIILDDANLKDLYLMSAKNDAAAAEKIKKQIDPKFLNASGKVNVATIDGKTAPEYDGVPKTPTDFDQVQMEIQFKDDKTKDEKGLMVQNKYQGNSIKLQFSFEATQWNGLTIK
2018-03-17,5OR7C,5OR7,MHLSLLVPFLFWITGCCTAEDPVTGPEEVSGQEQGSLTVQCRYTSGWKDYKKYWCQGVPQRSCKTLVETDASEQLVKKNRVSIRDNQRDFIFTVTMEDLRMSDAGIYWCGITKGGLDPMFKVTVNIGPVPTMPPITSTTTIFTVTTTVKETSMFPTLTSYYSDNGHGGGDSGGGEDGVGDGFLDLSVLLPVISAVLLLLLLVASLFAWRMVRRQKKAAGPPSEQAQSLEGDLCYADLSLKQPRTSPGSSWKKGSSMSSSGKDHQEEVEYVTMAPFPREEVSYAALTLAGLGQEPTYGNTGCPITHVPRTGLEEETTEYSSIRRPLPAAMP
2018-03-17,5VJWA,5VJW,MAQKPRTVICVGDIHGYISKLNNLWLNLQSAIDPSDFSSALVIFLGDYCDRGPETRKVIDFLISLPEKHPDQTHVFLAGNHDFAFSGFLGLLPRPSDGSDLKDTWKEYSKSEETEGWYTGEGFEDMHLQGRRWAGKIKATFNSVKGMAYKGSIYDAGSTFESYGVPHGSSDLMKAVPESHKKFLTNMVWVHEEDDVCIETEEGLKHCKLIAVHAGLEKGNNVEEQLKLLRAKDTSISKIQHLSGRKNVWDIPQELDDKHTVVVSGHHGKLHIDGMRLIIDEGGGFPDKPVAAIVLPSKKIIRDTDNLSS
2018-03-17,5VQJA,5VQJ,GAMVLTQTHATGHVGDFFFTHWKDGGSTSLTLDAEGKFLVTWQGGGYNYVGGPGWHFGDKNRVIRYKLNEETGASYIALYGWGYDKTMSESDPSHLVEYYILQRWTYDPSQDGIYGKTFVSNGIEYSTYRSIRKVKPSINGPTTFYQYWSKPSAQQELGKDHKIIFADHVKAWADTGWILPDMNNFDASDDPTYQVLAVEVFNPQKNGTASGQVWDE
2018-03-17,5XM3D,5XM3,MKLKTIAVACSALMMLSGASAVMAYDGTKCKAAGDCWEAKPGFPDKIKGSKYDPKHSEKELNKQDAALKAMEKRNAERVEQFKKTGKWVY
2018-03-10,5G15B,5G15,GSVSSVPTKLEVVAATPTSLLISWDAQTYQMYDYVSYYRITYGETGGNSPVQEFTVPGYYSTATISGLKPGVDYTITVYAEGYYSSYSPISINYRT
2018-03-10,5M89B,5M89,VDSESLSEGLVEHVNEVQQQLMKTRKKRPIPQGWATADDVAALQQVAYTDLNVTQASSLDLENECAAVGGLDGKLDIYSVVANKVERTLDIGEPVTATEWTGTKVVIGTAKGWVKVYDAGRESATFQTHAGPVTGLAVHPGGRILASVGVDKSFVFYDLETGERVARGYADAALTTCAFHPDGNLFAAGTQTGHILVFHTTTLEQAESFPLGTPIQALAFSENGFWFAATGKGTSSVTIFDLRKSGAAAAVKELQTGEVLSISWDYTGQYLATGGGTGVTVQMYTKATKSWSEPVRLGMPVVGVKWGGEAKRLVVVSREGVVSVLGKKE
2018-03-10,5N80A,5N80,AMKIAFIGEAVSGFGGMETVISNVIHTFENSSPKINCEMFFFCRNDKMDKAWLKEIKYAQSFSNIKLSFLRRAKHVYNFSQWLKETSPDIVICIDVISCLYANKARKKSGKHFTIFSWPHFSLDHKKHAECITYADYHLAISSGIKEQIMARGISAQDISVVYNPVSIKTVIVPPPERDKPAVFLYVGRLKFEGQKRVKDLFDGLARTTGEWQLHIIGDGSDFEKCQAYSRELGIEQRVIWYGWQSAPWQVVQQKIKNVTALLLTSAFEGFPMTLLEAMSYGIPCISSDCMSGPRDMIKPGLNGELYTPGAIDDFVGHLNRVISGEVKYQHDIIPGTIERFYDVLYFKNFNNAIFSKLQK
2018-03-10,5N9MB,5N9M,MHELTIYHFMSDKLNLYSDIGNIIALRQRAKKRNIKVNVVEINETEGITFDECDIFFIGGGSDREQALATKELSKIKTPLKEAIEDGMPGLTICGGYQFLGKKYITPDGTELEGLGILDFYTESKTNRLTGDIVIESDTFGTIVGFENHGGRTYHDFGTLGHVTFGYGNNDEDKKEGIHYKNLLGTYLHGPILPKNYEITDYLLEKACERKGIPFEPKEIDNEAEIQAKQVLIDRANRQKKSR
2018-03-10,5NBHC,5NBH,GSSHHHHHHSSGLVPRGSHMASMTGGQQMGRGSEFGALTAQGASFFTAAPLSYNTGNSTISLDYRSPQLRVSGGALALTSPVFVYQTPFNTPMRLRNGTYNEYADAHIQMVRFGTTVLFNIDVTGETNATGTQTWELQFDGTLGSCLTGRMQVMGGTGEELDVTPTFILPTSDKSVYKQGFMPIVCSENGEFKQSTYCSYALTYRLGNFYITLKSTTSGCKPIFQMSFMYESQIGIV
2018-03-10,5ODTB,5ODT,MELKEESFRDPAEVLGTGAEVDYLEQFGTSSFKESALRKQSLYLKF
2018-03-10,5UR0D,5UR0,HHHHHHSSGLVPRGSHMVKIGINGFGRIGRLVFRASLERTDVEVVAINDIMMTPEYMIYMIKYDTVHGKFHGKLEHTEKSIIVNGREIHVLCERDPEQLPWGQHNVEYVVESTGIFTKLDSAAKHLKGGAKRVVISAPADTPTFVMGVNNHEYKPEMTVINNASCTTNCLAPIAAVLHENFGIVEGLMTTVHAVTATQPTVDAPSRKDWRGGRAAGYNIIPSSTGAAKAVGLVIPSLNGKLTGMAFRVPTVDVSVVDLTCRLEKPATKKQIDEAMKAASESERFKGILKFTDEEVVSSDFVHDSASSTYDSKASICLNEHFVKVVAWYDNEWGYSNRVLDLIKSTAKIQ
2018-03-10,5V4VB,5V4V,MPFVKGFEPISLRDTNLFEPIKIGNTQLAHRAVMPPLTRMRATHPGNIPNKEWAAVYYGQRAQRPGTMIITEGTFISPQAGGYDNAPGIWSDEQVAEWKNIFLAIHDCQSFAWVQLWSLGWASFPDVLARDGLRYDCASDRVYMNATLQEKAKDANNLEHSLTKDDIKQYIKDYIHAAKNSIAAGADGVEIHSANGYLLNQFLDPHSNKRTDEYGGTIENRARFTLEVVDALIETIGPERVGLRLSPYGTFNSMSGGAEPGIIAQYSYVLGELEKRAKAGKRLAFVHLVEPRVTDPSLVEGEGEYSEGTNDFAYSIWKGPIIRAGNYALHPEVVREQVKDPRTLIGYGRFFISNPDLVYRLEEGLPLNKYDRSTFYTMSAEGYTDYPTYEEAVDLGWNKN
2018-03-03,5N57B,5N57,MAFKLPNLPYAYDALEPYIDQRTMEFHHDKHHNTYVTKLNATVEGTELEHQSLADMIANLDKVPEAMRMSVRNNGGGHFNHSLFWEILSPNSEEKGGVIDDIKAQWGTLDEFKNEFANKATTLFGSGWTWLVVNDGKLEIVTTPNQDNPLTEGKTPILLFDVWEHAYYLKYQNKRPDYMTAFWNIVNWKKVDELYQAAK
2018-03-03,5NTBB,5NTB,DIPIGQKMTGKMTYYTDKGYGACGTPIDASSQDLVAIPAAWWTTPNPNNDPLCRGVSVEVSYNGRTIRVPVRDKCPSCDRTHIDLSQAAFAKLAPLDRGVVNGITWKFVR
2018-03-03,5OO7B,5OO7,SLDHAKAEAELAINIKKATSPEETAPKRKHVRSCIVYTWDHKSSLSFWAGLKVQPILADEVQTFKALITIHKVLQEGHPVTLREAMANRGWIDSLSRGMMGEGVRGYGPLIREYVHFLLAKLSFHKQHPEFNGTFEYEEYISLKAIHDPNEGYETITDLMTLQDKIDQFQKLIFSHFRHIGNNECRISALVPLVAESYGIYKFITSMLRAMHSSTGDNEALEPLRQRYDAQHYRLVKFYYECSNLRYLTSLITIPKL
2018-03-03,5UQZA,5UQZ,NTAVADYQKAKAEFPQKQEQYNKDFEKYQSDVKEYEAQKAAYEQYKKEVAQGLASGRVEKAQGLVFINEPEAKLSIEGVNQYLTKEARQKHATEDILQQYNTDNYTASDFTQANPYDPKEDTWFKMKVGDQISVTYDNIVNSKYNDKKISKVKINYTLNSSTNNEGSALVNLFHDPTKTIFIGAQTSNAGRNDKISVTMQIIFYDENGNEIDLSGNNAIMSLSSLNHWTTKYGDHVEKVNLGDNEFVKIPGSSVDLHGNEIYSAKDNQYKANGATFNGDGADGWDAVNADGTPRAATAYYGAGAMTYKGEPFTFTVGGNDQNLPTTIWFATNSAVAVPKDPGAKPTPPEKPELK
2018-03-03,5V3MC,5V3M,GPGSPHKCKECGKAFHTPSQLSHHQKLHVGEKPYKCQECGKAFPSNAQLSLHHRVHTDEKCFECKECGKAFMRPSHLLRHQRIHTGEKPHKCKECGKAFRYDTQLSLHLLTHAGARRFECKDCDKVYSCASQLALHQMSHTGEKPHKCKECGKGFISDSHLLRHQSVHTGETPYKCKECGKGFRRGSELARHQRAHSGDKPYKCKECGKSFTCTTELFRHQKVHTGDRPHKCKECGKAFIRRSELTHHERSHSGEKPYECKECGKTFGRGSELSRHQKIHTGEKPYKCQQCGKAFIRGSHLTQHQRIHTGRRLE
2018-03-03,5VMNA,5VMN,GPLGSMTNINFSALLRGERMCPLTREIHSQMLIVTKSYSLVETFRAFPRLPNILEIGNNIVSDGNLNWGRILILLGISQLYFTKSESESERTQITEQLERFFRQDAISNWIASNGGWVTCASLDLRNYSSVT
2018-03-03,5WPPB,5WPP,MGSSHHHHHHSSGLVPRGSHMASTSVVSIPINNAGFEDPFIEVVDDYTVDTPPGWTTYNPNNLVPEKRTTMTSNNGVGYVGPGTQFYNQLAPEGRNIGYIYLAQKPGSGVAGFEQILDATLEPDTKYTLMVDVGNFGGEFQKISLAGFPGYRVELLAGDTVLAADHNNLYIKDGEFKTSTVTFTATPDNPYLDQKLGIRLINLLQGTFSGLDFDNVRLTVEPAQT
2018-03-03,5WPUA,5WPU,MGSSHHHHHHSSGLVPRGSHMASTSVVSIPINNAGFEDPFIEVVDDYTVDTPPGWTTYNPNNLVPEKRTTWTSNNGVGYVGPGTQFYNQLAPEGRNIGSIYLAQKPGSGVAGFEQILDATLEPDTKYTLKVDVGNFGGEFQKISLAGFPGYRVELLAGDTVLAADHNNLYIKDGEFKTSTVTFTATPDNPYLDQKLGIRLINLLQGTFSGLDFDNVRLTVEPAQT
2018-03-03,5X7JB,5X7J,MPGLFLTLEGLDGSGKTTQARRLAAFLEAQGRPVLLTREPGGGLPEVRSLLLTQELSPEAEYLLFSADRAEHVRKVILPGLAAGKVVISDRYLDSSLAYQGYGRGLPLPWLREVAREATRGLKPRLTFLLDLPPEAALRRVRRPDRLEGLGLEFFRRVREGYLALARAEPGRFVVLDATLPEEEIARAIQAHLRPLLP
2018-03-03,5X7LB,5X7L,GPELDRASVQQLMEHFLAAYNEGDPRHLDHCLHPEYRHPNPAVERGIEGMRAAIRRWASTVEDLSLTLDDLVVEGDKAVARMTFSGRQVGPILGIPASGRRFSVGLIDIFLIEDGLFAQHWDEMDLLGLHRQLGALPD
2018-03-03,5X9IB,5X9I,SSRLVTETQYGTMLMRTADWVSTAPFDGHMSVFPVGTERTMRGQVAEYQQAMTKWQTKYHTLSIEEHGAFGGLSGQTSNEKGLSVMALSQHDSEPYLSQHKDNGAPAVNTADVVSFITERYATTAEVKAALDNGEFQIAWASAPNGMEHAAPLHYSVVDADGNIMLIQLVKGGEQKIYLGDAESDLRVKTNDPLQEKHREYMQQFDLKDPSVATKMPWSIGGLERNSRLLAMSTHMDLEGLSYTETVARQKGTFDAAALVPFGVQDPKTGEDYPSFFSMQYNLDNGDIWFRSLMSGKEIKFNLEDTKQFKTPMHADIMAQVDKGAQTITWSKMHHHHHH
2018-03-03,5XISD,5XIS,GPGHMLSKPGELRREYEEEISKVAAERRASEEEENKASEEYIQRLLAEEEEEEKRQAEKRRRAMEEQLKSDEELARKLSIDINN
2018-02-24,5MSZA,5MSZ,HGHLSVPPMRSSMWRDGYNVPPNYNDDGLNCGSFDVQWVKNGGKCGECGDDYSLPRPRPNESGGMYGKNIIVANYQQGSTISVDLHIQAPHIGFFEFRLCARNDPNVLETQDCFDQHLLELADGSGTRFTMEEHVAGEYTVDLKLPQGVTCTNCVLQWFWRTGNRYGDCGDGTSGMGCGPQEEYRNCADIAIAWSHPQFEK
2018-02-24,5N5PC,5N5P,TPATGSAEWVIPTVNAKPGEKVTMDVVVKNSAIEVAGAQFNIKQTAPIAYGSAASGDAYAAIVPNETEQYYAFGEGIGKGIKAADGAKIITLTFNVPADCAKGTYPVKWSNAFITDTNGNKITDKITLTDGAIVVGDT
2018-02-24,5N5PD,5N5P,HMASKPVWGDVNCDGDVNVADVVLLNKWLNNNADYAMTDQGKVNADCFNPQDANGGAVDASKVDLTKTDSDAIIKSVVHLITLPAKG
2018-02-24,5NYLB,5NYL,MATRPTSVEMEPIDDSHHLDKILLQARELSQPIIIDWMASWCGPCIYLKPKLEKLAAEYDTKIKFYCADVNKVPQALVKRGNISKMPTIQLWKDGEMKAEVIGGHKAWLVIEEVREMIQKFV
2018-02-24,5NYNA,5NYN,MATRPTSVEMEPIDDSHHLDKILLQARELSQPIIIDWMASWCRKCIYLKPKLEKLAAEYDTKIKFYCADVNKVPQALVKRGNISKMPTIQLWKDGEMKAEVIGGHKAWLVIEEVREMIQKFV
2018-02-24,5NYOB,5NYO,MATRPTSVEMEPIDDSHHLDKILLQARELSQPIIIDWMASWCRKSIYLKPKLEKLAAEYDTKIKFYSADVNKVPQALVKRGNISKMPTIQLWKDGEMKAEVIGGHKAWLVIEEVREMIQKFV
2018-02-24,5OVLD,5OVL,MHHHHHHSSGLVPRGSGMKETAAAKFERQHMDSPDLGTENLYFQGMTVTDNPADTAGEATAGRPAFVSRSVLVTGGNRGIGLAIARRLAADGHKVAVTHRGSGAPDDLFGVQCDVTDSAAVDRAFKEVEEHQGPVEVLVANAGISKDAFLMRMTEERFEEVINTNLTGAFRCAQRASRTMQRKRFGRIIFIGSVSGMWGIGNQANYAAAKAGLIGMARSISRELAKAGVTANVVAPGYIDTEMTRALDERIQAGALDFIPAKRVGTAEEVAGAVSFLASEDASYIAGAVIPVDGGMGMGH
2018-02-17,5BK6D,5BK6,MGSSHHHHHHSSGLVPRGSHMDAMVETNRHFIDADPYPWPYNGALRPDNTALIIIDMQTDFCGKGGYVDHMGYDLSLVQAPIEPIKRVLAAMRAKGYHIIHTREGHRPDLADLPANKRWRSQRIGAGIGDPGPCGRILTRGEPGWDIIPELYPIEGETIIDHPGKGSFCATDLELVLNQKRIENIILTGITTDVCVSTTMREANDRGYECLLLEDCCGATDYGNHLAAIKMVKMQGGVFGSVSNSAALVEALPGLVPRGSIE
2018-02-17,5G6UD,5G6U,MGTISDVKTNVQLLKGRVDNISTLDSEIKKNSDGMEAAGVQIQMVNESLGYVRSQFLKLKTSVEKANAQIQILTRSWEEVSTLNAQIPELKSDLEKASALNTKIRALQGSLENMSKLLKRQNDILQVVSQGWKYFKGNFYYFSLIPKTWYSAEQFCVSRNSHLTSVTSESEQEFLYKTAGGLIYWIGLTKAGMEGDWSWVDDTPFNKVQSVRFWIPGEPNNAGNNEHCGNIKAPSLQAWNDAPCDKTFLFICKRPYVPSEP
2018-02-17,5H7KA,5H7K,MVEMGRREEMIAKIKELMLQPERIRNIGIAAHIDHGKTTLSDNLLAGAGMISEELAGKQLVLDFDEQEQARGITINAANVSMVHNYEGKDYLINLIDTPGHVDFGGDVTRAMRAIDGVIIVVDAVEGVMPQTETVVRQALREYVKPVLFINKVDRLIRELKLTPQQMMERFSKIIMDVNRLIQRYAPEEYKKKWMVKVEDGSVAFGSAYYNWALSVPFMKRTGVKFNEIIDLTLKGDNRTLRQKAPLHVVVLDMVVRHLPSPIEAQKYRIPHLWEGDISSDIGQAMLNCDPKGKMVMVVTKIIIDKHAGEVATGRVWSGTVKSGQEVYLINTKRKARIQQVGIYMGPERINMEAVPAGNIVAVTGLRDAMAGETVAEEQIEPFEALHYVLEHHHHHH
2018-02-17,5M3GD,5M3G,PKTVRLNSLALFDAGKWTLKPGATKWLVNALVDIKAKAGWLIVVSGHTDNTGDPLRNQALSLKRAEAVRDWMRDTGDIPQSCFAVQGYGESRPVAPNDTAEGRARNRRVEISLVPQADACRLPDVSPAPEEGASENITE
2018-02-17,5O98B,5O98,MAHHHHHHSSGLEVLFQGPAAMGTSEKYAVVTGSNKGIGFETCKKLASQGITVVLTARDEKRGLDALEKLKELGLSGKVLFHQLDVTDSSSVASLAEFVKKQFGRLDILVNNAGVNGVITDVEAVKKLNPAEDPADVDFSKIYKETYELAEECIQINYFGTKRTTDALLPLLQLSASPRIVNISSIMGQLKNIPSEWAKGILGDASNLTEDRLDEVINNFLKDFKEGSLAAKGWPPSFSAYIVSKVVVNAYTRILAKKYPNFKINCVCPGFAKTDLNHGLGLLTAEEAAENPVKLALLPDDGPSGLFFDRSEESSFE
2018-02-17,5OAKD,5OAK,GAMGDGEMLLIINEYGSPLGLTALPDKEHGGGLLVQHVEPGSRAERGRLRRDDRILEINGIKLIGLTESQVQEQLRRALESSELRVRVLRGDRNGGGSGSGGGGSGGSGVKDGVLHL
2018-02-17,5UQIA,5UQI,MNNTDLIHLIKHFMHNELKAVEEVIDSPLSEFANLIKVLQSCQGKVVFIGVGKSGIIARKLAATFASTGTPSFFVHGTEAVHGDLGMVAKDDVVILISNSGETAEILATLPSLKKMGNYLISFTRSHHSSLAISCDLSVEIPVKSEADNLGLAPSCSSTVVLVVGDAVALALSELKKFTRADFGLYHPGGALGIKANS
2018-02-17,5UTOB,5UTO,MGSSHHHHHHSSGLVPRGSHMKIAVMTDSTSYLSQDLIDKYNIQIAPLSVTFDDGKNFTESNEIAIEEFYNKMASSQTIPTTSQPAIGEWITKYEMLRDQGYTDIIVICLSSGISGSYQSSYQAGEMVEGVNVHAFDSKLAAMIEGCYVLRAIEMVEEGYEPQQIIDDLTNMREHTGAYLIVDDLKNLQKSGRITGAQAWVGTLLKMKPVLKFEDGKIIPEEKVRTKKRAIQTLEKKVLDIVKDFEEVTLFVINGDHFEDGQALYKKLQDDCPSAYQVAYSEFGPVVAAHLGSGGLGLGYVGRKIRLT
2018-02-17,5VNVA,5VNV,QVQLQESGGGLVQAGGSLRLSCAASGYISDAYYMGWYRQAPGKEREFVATITHGTNTYYADSVKGRFTISRDNAKNTVYLQMNSLKPEDTAVYYCAVLETRSYSFRYWGQGTQVTVSSLE
2018-02-17,5WK0A,5WK0,MTTKTVFDVIDMGLGYLVNVYDAWKVEKVLDDYHKPFSNTIHWQFGHVLTIFESALAVAGKENIDLNIYRPLFGNGSSPDEWKDEVPSIERILEGLQTLPERARNLTEDDLAIELKQPIVGCNNLEELLVLNAIHIPLHAGKIEEMSRILKNLKALEHHHHHH
2018-02-17,5X68B,5X68,MRGSGSMDSSVIQRKKVAVIGGGLVGSLQACFLAKRNFQIDVYEAREDTRVATFTRGRSINLALSHRGRQALKAVGLEDQIVSQGIPMRARMIHSLSGKKSAIPYGTKSQYILSVSRENLNKDLLTAAEKYPNVKMHFNHRLLKCNPEEGMITVLGSDKVPKDVTCDLIVGCDGAYSTVRSHLMKKPRFDYSQQYIPHGYMELTIPPKNGDYAMEPNYLHIWPRNTFMMIALPNMNKSFTCTLFMPFEEFEKLLTSNDVVDFFQKYFPDAIPLIGEKLLVQDFFLLPAQPMISVKCSSFHFKSHCVLLGDAAHAIVPFFGQGMNAGFEDCLVFDELMDKFSNDLSLCLPVFSRLRIPDDHAISDLSMYNYIEMRAHVNSSAAALEHHHHHH
2018-02-17,5X6AB,5X6A,HGFVSGIVADGKYYGGYLVNQYPYMSNPPDTIAWSTTATDLGFVDGTGYQSPDIICHRDAKNGKLTATVAAGSQIEFQWTTWPESHHGPLITYLAPCNGDCATVDKTTLKFVKIAAQGLIDGSNPPGVWADDEMIANNNTATVTIPASYAPGNYVLRHEIIALHSAGNLNGAQNYPQCFNIQITGGGSAQGSGTAGTSLYKNTDPGIKFDIYSDLSGGYPIPGPALFNA
2018-02-10,5MWRA,5MWR,MMYRAPKTEKGKESLNKILDASVELIADKGFLSTSINDITSKAGVAYGLFYFYFKSKHDILDEIIRQFNRNMRYYLKTYTQNLDSRIDVEKVGMKKFLEWMNENKKYYKIFIETQVHRPDIYKWHFMKLAERYTTGLSEAMRRGEIINVDPELLSYVLIGIAHMLGKRYVLWSNSGLTLKQQRDLDLIIENMLTPR
2018-02-10,5MXYA,5MXY,SNIDGMKLYLQHCKTCHGVDGNPTDLGEGLGARKFADAEWQAKTSDERIIEQINEGTPEMMMPFKEKLTPEEVKALVPVVRGFKK
2018-02-10,5MXZA,5MXZ,SNIDGMKLFLQHCKTCHGVDGNPTDLGEGLGARKFADAEWQAKTSDERIIEQINEGTPEMMMPFKEKLTPEEVKALVPVVRGFKK
2018-02-10,5MZ2K,5MZ2,MRLTQGCFSFLPDLTDQQIEKQVACAMSRGLAMNVEWTDDPHPRNNYWELWGLPLFDIKDPATVMFELNEARKSCAAGYIRMNAFDASYGTESCVMSFITNRPANEPGFYLDRTEGVGRQIVYSIKSYSVQANPEGSRY
2018-02-10,5N0LF,5N0L,GPAMASEVLQKTRKINKTLQTSGGSSVSFDLLAGALGDVLSSNVYVVSAKGKVLGLHLNDVQDSSVIEDEYTKQKKFSDEYTQNVLKIDETLENLNGEKILEIFPEEHGRLQKYTTVVPILGSGQRLGTLVLSRYSNSFNDDDLVIAEYSATVVGLEIL
2018-02-10,5NLZB,5NLZ,MALRFEALYPEGMCPGWSVVVKGKTSSNTSMFEINFLSHPGDQIAFHFNPRFASSRIVCNSFLANHWGKEEVNKTFPFEAKEPFQVEIYSDQDYFHIFIDENKILQYKHRQKQLSSITKLQILNDIEISSVEITKRGLY
2018-02-10,5NM7A,5NM7,MYKTLRLGDRGADVSYLQRQLIAAGARLDIDAIYGSATRDAVMAFQATHGLVADGIAGPKTWSTLSAGRRDPRHLTDADLQRAADRLQVDLAAVRAVNEVESKGAGFLPDGRPVILYERHIMYRQLAAAGLDADALAAKYPALVNSKRGGYAGDAAEYARLASASQISGACALEATSWGAFQIMGFHWKALGYPDVFAFVDAMKVSEAEQLEAFVRFVLADKVMLAALRSKKWAKFAELYNGKAYAENLYDVKLERAFDRYSRAAA
2018-02-10,5O7YA,5O7Y,SNAMEKAKLMKLGNGMEIPSVQELAKLTLAEIPSRYVCANENLLLPMGASVINDHETIPVIDIENLLSPEPIIGKLELDRLHFACKEWGFFQVVNHGVDASLVDSVKSEIQGFFNLSMDEKTKYEQEDGDVEGFGQGFIESEDQTLDWADIFMMFTLPLHLRKPHLFSKLPVPLRETIESYSSEMKKLSMVLFNKMEKALQVQAAEIKGMSEVFIDGTQAMRMNYYPPCPQPNLAIGLTSHSDFGGLTILLQINEVEGLQIKREGTWISVKPLPNAFVVNVGDILEIMTNGIYHSVDHRAVVNSTNERLSIATFHDPSLESVIGPISSLITPETPALFKSGSTYGDLVEECKTRKLDGKSFLDSMRI
2018-02-10,5VR3A,5VR3,GAMDPGGGGSSAADPAIPEEVWNIKQMIKLTQEHIEALLDKFGGEHNPPSIYLEAYEEYTSKLDALQQREQQLLESLGNGTDFSVSSS
2018-02-10,5WSKG,5WSK,MAPTVMASSATSVAPFQGLKSTAGLPVSRRSNGASLGSVSNGGRIRCMQVWPIEGIKKFETLSYLPPLSTEALLKQVDYLIRSKWVPCLEFSKVGFIFREHNASPGYYDGRYWTMWKLPMFGCTDATQVINEVEEVKKEYPDAYVRIIGFDNMRQVQCVSFIAFKPPGCEESGKA
2018-02-03,5OYCB,5OYC,MGSSHHHHHHSSGLVPRGSHMASGLYPSYNTSPAAPDSTGMQSTAVQLAGKIRLGWNIGNTMEAIGGETAWGNPMVSNELLKLVKDSGFDAVRIPVAWDQYANQESAEISAAWLNRVKQVVQMAIDNELYVLINIHWDGGWLENNITPAKKDENNAKQKAFWEQIATHLRDFDEHLLFAGTNEPNAENAEQMDVLNSYLQTFVDAVRSTGGKNAYRVLVLQGPVTDIEKTNELWTHMPADTATDRLMAEVHFYTPYNFALMRQDESWGKQFYYWGEGFLSTTDTERNPTWGEEATIDQLFDLMKTKFVDQGIPVVLGEFSAMRRTNLTGDALTLHLAGRAYYHKYVTQQALARGLLPFYWDNGGNDNFSSGIFNRQQNTVFDQQVLDALLEGAGAQ
2018-02-03,5V23A,5V23,GSHMRRVRLSEVRTTLLHNAQTMERYYRQKGTFKTYDKNKLKQNKYFNVTLSKVSPDHFTLQADPNPTTNDGETCVVTLNDGGTIAASGTNQSCPGFD
2018-02-03,5WASC,5WAS,AEVLPLTSEWVNRLRNRGYAAYLSGAGPTAMVLSTEPIPDKVLEDARESGIKVLELEVAGPVKVEVNQPHHHHHH
2018-02-03,5WATB,5WAT,MAIELNVGRKVTVTVPGSSANLGPGFDTLGLALSVYDTVEVEIIPSGLEVEVFGEGQGEVPLDGSHLVVKAIRAGLKAADAEVPGLRVVCHNNIPQSRGLGSSAAAAVAGVAAANGLADFPLTQEQIVQLSSAFEGHPDNAAASVLGGAVVSWTNLSIDGKSQPQYAAVPLEVQDNIRATALVPNFHASTEAVRRVLPTEVTHIDARFNVSRVAVMIVALQQRPDLLWEGTRDRLHQPYRAEVLPITSEWVNRLRNRGYAAYLSGAGPTAMVLSTEPIPDKVLEDARESGIKVLELEVAGPVKVEVNQPHHHHHH
2018-01-27,5NFRP,5NFR,MTKIALIGSGQIGAIVGELCLLENLGDLILYDVVPGIPQGKALDLKHFSTILGVNRNILGTNQIEDIKDADIIVITAGVQRKEGMTREDLIGVNGKIMKSVAESVKLHCSKAFVICVSNPLDIMVNVFHKFSNLPHEKICGMAGILDTSRYCSLIADKLKVSAEDVNAVILGGHGDLMVPLQRYTSVNGVPLSEFVKKNMISQNEIQEIIQKTRNMGAEIIKLAKASAAFAPAAAITKMIKSYLYNENNLFTCAVYLNGHYNCSNLFVGSTAKINNKGAHPVEFPLTKEEQDLYTESIASVQSNTQKAFDLIKGHHHHHH
2018-01-27,5NGWA,5NGW,MGSSHHHHHHSSGLVPRGSHMASNKEDEFGPEDTFLGSPIPIFEVNEDYNVGAFYKFPNWNLNYNEMPVSGTYTAANTDQFPTHIRQANKAGINFFLFDLVSSQNAGGHSSSFDIVARYNNELAGFTPDSIVKYAFNYNYGPLGINNNNPVDSTTDETTNTLDPKEIVFQQDFLNIADLAENNTNYYRLDGKPVVYILNAQNLAANDSPAVFNRMRQAVRDAYNGMELYIIGMQPQWQPPLRYDFRFVGAVDAVTHNTYMQLNENNSYERILYFDKMVYGAWSYSQEALGRSEFNLEYIPTISPSSNYKLQNPNNQNYIFEKNEKLFRSVCNAARGAVGESKMVLLESFNNWNIGTQIEESNELKVDGVTPAYGDQYLKILKEEFKVAK
2018-01-27,5NRKC,5NRK,MQTGFNLSIDTVEGNPGSSVVVPVKLSGISKNGISTADFTVTYDATKLEYISGDAGSIVTNPGVNFGINKESDGKLKVLFLDYTMSTGYISTDGVFANLNFNIKSSAAIGSKAEVSISGTPTFGDSTLTPVVAKVTNGAVNLE
2018-01-27,5NRKD,5NRK,KPGDVDGNGSININDFALMRNYLLGNLKDFPAEDDIKAGDLNGDKSINSLDFAIMRMYLLGMITKFSV
2018-01-27,5NRMB,5NRM,KPGDVDGNGSINSIDFALMRNYLLGNLKDFPAEDDIKAGDLNGDKSININDFAIMRMYLLGMITKF
2018-01-27,5UMRA,5UMR,GHMAETLEFNDVYQEVKGSMNDGRLRLSRQGIIFKNSKTGKVDNIQAGELTEGIWRRVALGHGLKLLTKNGHVYKYDGFRESEFEKLSDFFKTHYRLELMEK
2018-01-27,5UVDA,5UVD,AHMAPLSSDELKTVVSVLAQKLDSLNIDYAIMGGAATCLLSGDPNRRTEDVDLVIHVDHRKITADNLTTQLLKSFPSDFEGVSQFGHTIPAYKLRRPGGTVQLVELEVFDYQSWPQRPQYDLQTATRTTLNINGQKVKLFSPEWILREKILSQYQRQGSRKEGTDIRDIISMIPLAVPGKPELNFNQSQELQTALANLVQKRPDLSSALKAKIKCSAVFHN
2018-01-27,5VANB,5VAN,QVQLVESGGGLVQAGGSLRLSCAASQRTFSPYVGGWFRQAPGKEREFVAAISWSGGTKLYADSVKGRFTISRDNAKNTVYLQMNTLKREDTAVYYCAARRINEVLTTAPDYDFWGQGTQVTVSSHHHHHHEPEA
2018-01-27,5VF6A,5VF6,ALTQPSSVSANPGGTVKITCSGSSSAYGYGWYQQKSPGSAPVTVIYNNNKRPSNIPSRFSGSKSGSTGTLTITGVQAEDEAVYFCGSEDSSTDAIFGAGTTLTVLGQSSRSSSGGGSSGGGGSTVTLDESGGGLQAPGGALSLVCKASGFTFSSYDMGWIRQAPGKGLEYVAGITDNGRYASYGSAVDGRATISRDNGQSSVRLQLNNLRAEDTGTYYCARDDGSGWTGNSIDAWGHGTEVIVSENLYFQ
2018-01-27,5W8NA,5W8N,MTEQRPLTIALVAGETSGDILGAGLIRALKEHVPNARFVGVAGPRMQAEGCEAWYEMEELAVMGISESSGRSRRSSHIRADLTKRFGELKPDVFVGIDAPDFNITLEGNLKKQGIKTIHYVSPSVWAWRQKRVFKIGRATDLVLAFLPFEKAFYDKYNVPCRFIGHTMADAMPLDPDKNAARDVLGIPHDAHCLALLPGSRGAEVEMLSADFLKTAQLLRQTYPDLEIVVPLVNAKRREQFERIKAEVAPDLSVHLLDGMGREAMVASDAALLASGTAALECMLSKCPMVVGYRMKPFTFWLAKRLVKTDYVSLPNLLAGRELVKELLQEECEPQKLAAALLPLLANGKTSHAMHDTFRELHQQIRCNADEQAAQAVLELAQ
2018-01-27,5WNOA,5WNO,GAMGASVRPNMSRICLIPSSELQTKLDKKLGAGAFGTVFAGIYYPKRAKNVKIPVAIKVFQTDQSQTDEMLEEATNMFRLRHDNLLKIIGFCMHDDGLKIVTIYRPLGNLQNFLKLHKENLGAREQVLYCYQIASGMQYLEKQRVVHRDLATRNVLVKKFNHVEITDFGLSKILKHDADSITIKSGKVAIKWLAIEIFSKHCYTHASDVWAFGVTCWEIITFGQSPYQGMSTDSIHNFLKDGNRLSQPPNCSQDLYQELLRCWMADPKSRPGFEILYERFKEFCKVPQLFLENSNKISESDLSAEERFQTERIREMFDGNIDPQMYFDQG
2018-01-27,5X2JA,5X2J,MAFELPNLPYGFRALEPHIDQQTMEIHHDKHHNTYVTKLNAAVEGTDLESKSIEEIVANLDSVPENIQTAVRNNGGGHLNHSLFWELLTPNSEEKGTVVDKIKEQWGSLDAFKEEFANQAAARFGSGWAWLVVNDGKLEIVTTPNQDNPLTEGKTPILGLDVWEHAYYLKYQNKRPDYISAFWNVVNWEKVDELYNAAK
2018-01-27,5X88A,5X88,SPVAVEKRQIFGPGDNDLRDGPCKDITFIFARGSTEPGLMGITVGPDTCDELNREFRGRVACQGVGPRYEASLAGNFLPRGTTQAAIDEAAELFNLAHTKCPNTQIVGGGYSQGAAVMHGAIPGLSNAVKDQIKGVVLYGDTRNEQDGGRIPNFPTDKTNIICNPGDLVCDGTLILTAAHFTYGTRVRGAVDWLEDRLS
2018-01-20,5N5FJ,5N5F,MGSSEQLHEPAELLSEETKNMHRALVTLIEELEAVDWYQQRADACSEPGLHDVLIHNKNEEVEHAMMTLEWIRRRSPVFDAHMRTYLFTERPILELEE
2018-01-20,5OEMA,5OEM,EDPVFLEHQLPLNSDYSLLLTFIYGGRVVGKTQVHSLDCRLVAEASDSESSMEQVEFPKPDPLEPTQHLLNQLDRGVLVASNSRGLFVQRLCPIPISWNAPEAPPGPGPHLLPSNKCVELFKTTYFCRDLAQYFQGQGPPPKFQATLHFWEESPGSSHSQENLITVQMEQAFARHLLEKIPEEEKAALF
2018-01-20,5UJDB,5UJD,GSMKQIYDTLQLIPVDKIDLHEAFEPSRLEKTKESIAKEQHLRHPVLVVKTLFGRYMVIDGVHRFMSLKALGCEVIPVQVIQRTQYSIGSWHHKIPNGAWCEGLTDEELLPWTTEVRDETPFITMCDQQTEHYLYVADLTVDKLDIWKKVVNSYSASCNVERVPHSACLCLDSNDILMKYQPLQIGEIEAVVQRGQTVPAGVTRFNIAGRCLNLQVPLHLLKNSNLGNQEQWHTFLQKKIESMRCYTEKIYLIEAE
2018-01-20,5WZOA,5WZO,NLVQFGVMIEKMTGKSALQYNDYGCYCGIGGSHWPVDQTDWCCHAHDCCYGRLEKLGCEPKLEKYLFSVSERGIFCAGRTTCQRLTCECDKRAALCFRRNLGTYNRKYAHYPNKLCTGPTPPC
2018-01-20,5X89A,5X89,MGSSHHHHHHSSGAAKGELVGSKVLVRNDRDANRLYSSMYGKPSRRGLQLWPEEALFLCEIGRLEVRSGNVRISPEELMDRFVEEDPRFPVRYAVYADLRRRGWKPKPGRKFGTEFRAFRGEDERIAVKVLQEELDEFTAQDILEWLKLVEGTEFELVVAIVDNDYDLNYYVFSELVLGGGLCAGNGGKELPRAKVFEGGSLVSKDYEDLKRRYFGTEHGNVLFLDPFETVYLTEKGEIDPETPEGEPMSVEELLSFFERRRPGFRAGYVVYRDLTERGYVVKSGFKYGGRFRVYEEDPDREHSKYVVRVVEPDTELSTRDVLRATRLAHSVRKDFVLAVVEDVEEPRIEYVMWRWKRL
2018-01-13,5GZJB,5GZJ,RGSHMETWVLGRRDVAEVVAAVGRDELMRRIIDRLTGGLAEIGRGERHLSPLRGGLERSEPVPGIWEWMPHREPGDHITLKTVGYSPANPARFGLPTILGTVARYDDTTGALTALMDGVLLTALRTGAASAVASRLLARPDSHTLGLIGTGAQAVTQLHALSLVLPLQRALVWDTDPAHRESFARRAAFTGVSVEIAEPARIAAEADVISTATSVAVGQGPVLPDTGVREHLHINAVGADLVGKTELPLGLLERAFVTADHPEQALREGECQQLSADRLGPQLAHLCADPAAAAGRQDTLSVFDSTGFAFEDALAMEVFLEAAAERDLGIRVGIEHHPGDALDPYALQPLPLPLAAPAH
2018-01-13,5MPHA,5MPH,SGNNFEYTLEASKSLRQKPGDSTMTYLNKGQFYPITLKEVSSSEGIHHPISKVRSVIMVVFAEDKSREDQLRHWKYWHSRQHTAKQRCIDIADYKESFNTISNVEEIAYNAISFTWDINDEAKVFISVNCLSTDFSSQKGVKGLPLNIQIDTYSYNNRSNKPVHRAYCQIKVFCDKGAERKIRDEERKQSKRKVSDVKVPLLPSHKRMDITVFKPFIDLDTQPVLFIPDVHFANLQRG
2018-01-13,5MQZF,5MQZ,MLYVYMDGEFVPENEAKVSIFDHGFLYGDGVFEGIRAYNGRVFRLKEHIDRLYDSAKAIDLEIPITKEEFMEIILETLRKNNLRDAYIRPIVTRGIGDLGLDPRKCQNPSIIVITKPWGKLYGDLYEKGLTAITVAVRRNSFDALPPNIKSLNYLNNILAKIEANAKGGDEAIFLDRNGYVSEGSGDNIFVVKNGAITTPPTINNLRGITREAVIEIINRLGIPFKETNIGLYDLYTADEVFVTGTAAEIAPIVVIDGRKIGDGKPGEITRKLMEEFSKLTESEGVPIYE
2018-01-13,5MR4B,5MR4,ARLGARPCGLRELEVRVSELGLGYASDETVLFRYCAGACEAAARVYDLGLRRLRQRRRLRRERVRAQPCCRPTAYEDEVSFLDAHSRYHTVHELSARECACV
2018-01-13,5MRSD,5MRS,VNVLGGIEYSINNATLCSVGFSVTRGATKGFVTAGHCGGVGAIVRIGGTQVGSFAARVFPGNDRAWVSVGSAHTLQGAVSNYSGGTIAIRGSAEAAIGAAVCRSGRTTGYRCGNITAKNVTANYAEGAVRGLTQGNACMGRGDSGGSWFTSAGQAQGVMSGGNVQSNGNNCGIPASQRSSLFERVGPILSQYGLSLVTS
2018-01-13,5MRTB,5MRT,ATVQGGIEYRMPLPDGRVGLCSVGFPVTKGTIKGFATAGHCAKAGQSVQISGVNVGTFTASHFPNTDRAWVTIGAAHTLLGSVTNYTGGSVAVKGSTEAAIGAAVCRSGRTTQYKCGTITAKNVTVNYGTLGTVSGLTRANNCTGRGDSGGSWITAAGQAQGLTSGGNLPAGQNDNCSVPTSQRQTYFERINPVLSQYGLALVTS
2018-01-13,5MRVB,5MRV,EVQASWSHPQFEKGADDDDKVPDPKLYDRSLAQHRQEIVDKSVSPWSLETYSYNIYHPMGEIYEWMREISEKYKEVVTQHFLGVTYETHPIYYLKISQPSGNPKKIIWMDCGIHAREWIAPAFCQWFVKEILQNHKDNSRIRKLLRNLDFYVLPVLNIDGYIYTWTTDRLWRKSRSPHNNGTCFGTDLNRNFNASWCSIGASRNCQDQTFCGTGPVSEPETKAVASFIESKKDDILCFLTMHSYGQLILTPYGYTKNKSSNHPEMIQVGQKAANALKAKYGTNYRVGSSADILYASSGSSRDWARDIGIPFSYTFELRDSGTYGFVLPEAQIQPTCEETMEAVLSVLDDVYAKHW
2018-01-13,5N2BB,5N2B,HHHHHHGKPIPNPLLGLDSTENLYFQGIDPFTQTATTGTINFTGSITDVPCEIDTAATSSNVTMAKVFANDFSGVGSTTGTTAFKIVLKNCGASTSGATVRFMGTTDSANPAALQTTAGGAGGVALQLVDDTGTPISIGSSSKAYTIAEGDNTFNFAARYIATSATVTGGAANATAVFALTYK
2018-01-06,5NUFC,5NUF,MAKEPVRVLVTGAAGQIGYALVPMIARGIMLGADQPVILHMLDIPPAAEALNGVKMELIDAAFPLLKGVVATTDAVEGCTGVNVAVMVGGFPRKEGMERKDVMSKNVSIYKSQAAALEKHAAPNCKVLVVANPANTNALILKEFAPSIPEKNISCLTRLDHNRALGQISERLSVPVSDVKNVIIWGNHSSSQYPDVNHAKVQTSSGEKPVRELVKDDAWLDGEFISTVQQRGAAIIKARKLSSALSAASSACDHIRDWVLGTPEGTFVSMGVYSDGSYSVPSGLIYSFPVTCRNGDWSIVQGLPIDEVSRKKMDLTAEELKEEKDLAYSCLS
2018-01-06,5TUHB,5TUH,MGSSHHHHHHSQDPNSISTTMSSYSIQQSQKMLTQLQIDYATNTSSNTVVAYLHNVGETTISYLQNSVVYFGPNGQLQPVGYNSGSSPYWTVTSNSLQPGSVVKIIIYLSSPLSSNQYYTIQIVTPNGYTVSYMF
2018-01-06,5UB4B,5UB4,MSSVLVLGRISDDPASHYEQLKPLLDYVVPRMREVGIRRGEILMAPDARQMSSYLRRGRVDWVSETTGAAMLLEQRGSAHPLLMTERGGLRDFHTLFFVRRDSPIHSLSQLRGHTLALQNASSTSGYLLPMLELLRNGIACDVLLSADDTPARGSAGYLMVGSKLNVAAFVHKHLIDVGALSNVDWDDERHMPPVFKRDFRIVHRTAPVPRAVEMVRTGMDPAVEQRLRVVLLQAASDPKAGPALKRFFDTTGFRPLDPTSRRRLQELSAGVQRVRDHVE
2018-01-06,5UE0A,5UE0,SLLLDDVDNEMAAIAMQGFRSMIEQFNVNNPATAKELQAMEAQLTAMSDQLVGADGELPAEIQAIKDALAQALKQPSADGLATAMGQVAFAAAKVGGGSAGTAGTVQMNVKQLYKTAFSSTSSSSYAAALSDGYSAYKTLNSLYSESRSGVQSAISQTANPALSRSVSRSGIESQGRSADASQRAAETIVRDSQTLGDVYSRLQVLDSLMSTIVSNPQANQEEIMQKLTASISKAPQFGYPAVQNSVDSLQKFAAQLEREFVDGERSLAESQENAFRKQPAFIQQVLVNIASLFSGYLS
2018-01-06,5XK7D,5XK7,MAHHHHHHVDDDDKMMTNLMLLPDGMRRWSQKQGISLDDSYAAMTDKLVEFTGWAREEGFTTFYVTVSSVANYSRSEEQVTTAMNAFTEVVRRCHDTLNFNYSGTLEVVPERWLTELEALRAKSDSQSDFTLHFIMGMSLAHEVIGIFNKFNGKIPALTEELLAANAYVPEPVDFLIRPGGHVRMSSFYPLMSPFAEMYFCPTLLNDMTRADFDVALEDLRERDRRYGLYPV
2018-01-06,6AOJA,6AOJ,TGYVSTMPKVIIFTDFDGTVTGKSGNETVFTEFYQSLLQGYKKDVEQDYKNTPMKDPIEAQALFEAKYGKYNENFDHDQQDVDFLMSPEAVAFFHEVLKNDDVTVNIVTKNRAEYIKAVFKYQGFSDEEISKLTILESGYKFNDVNSRLNHPTERANRVYILDDSPTDYAEMLRAVKGKGYNEEEIRGYRKNPGEFEWSQYLEDVREMFPPKEN
2018-01-06,6AOKA,6AOK,GRQNLYFQGMPKVIIFTDFDGTVTGKSGNETVFTEFYQSLLQGYKKDVEQDYKNTPMKDPIEAQALFEAKYGKYNENFDHDQQDVDFLMSPEAVAFFHEVLKNDDVTVNIVTKNRAEYIKAVFKYQGFSDEEISKLTILESGYKFNDVNSRLNHPTERANRVYILDDSPTDYAEMLRAVKGKGYNEEEIRGYRKNPGEFEWSQYLEDVREMFPPKEN
2017-12-30,5ONUC,5ONU,MDNKLGLNKMNKTLIALAVSAAAVATGAYADGINQSGDKAGSTVYSAKGTSLEVGGRAEARLSLKDGKAQDNSRVRLNFLGKAEINDSLYGVGFYEGEFTTNDQGKNASNNSLDNRYTYAGIGGTYGEVTYGKNDGALGVITDFTDIMSYHGNTAAEKIAVADRVDNMLAYKGQFGDLGVKASYRFADRNAVDAMGNVVTETNAAKYSDNGEDGYSLSAIYTFGDTGFNVGAGYADQDDQNEYMLAASYRMENLYFAGLFTDGELAKDVDYTGYELAAGYKLGQAAFTATYNNAETAKETSADNFAIDATYYFKPNFRSYISYQFNLLDSDKVGKVASEDELAIGLRYDFHHHHHH
2017-12-30,5W78A,5W78,DRHHHHHHKLSPANDDQSRPSLSNGHTCVGCVLVVSVIEQLAQVHNSTVQASMERLCSYLPEKLFLKTTCYLVIDKFGSDIIKLLSADMNADVVCHTLEFCKQNTGQPLCHLYPLPKETWKFTLQKARQIVKKSPILKY
2017-12-30,5WUTB,5WUT,MTKGKKLVWEEHFNGKELDTKNWNFELGDGCPNCGWGNSERQLYTKTNHKMENGKLVITAKKEGTQYTSTRITTQGKKEFQYGYIEARAKLPVGKGIWPAFWMLGSNIKTVGWPQCGEIDILEYVGKEPHMVFTSLHTTASHGNTINTKRTRIDTIEQGFHLYAIDWTKDKMDFFVDNILVYTFNPTDKTEAIWPYDQPFYFIINMAIGGNFGGPEVDDAIFPQDFSIDYIKVYQ
2017-12-30,5XXSB,5XXS,MLIRYKKSFEKIAMGLLSFMPNEKDLKQLQQTIKDYETDTDRQLFLWKEDEDIVGAIGVEKKDSEVEIRHISVNPSHRHQGIGKQMMDALKHLFKTQVLVPNELTQSFFERCQGQQDQDISYNNLEHHHHHH
2017-12-23,5H5YB,5H5Y,MLSPIRTTFHNSVNIVQSSPSQTVSFAGKEYELKVIDEKTPILFQWFEPNPERYKKDEVPIVNTKQHPYLDNVTNAARIESDRMIGIFVDGDFSVNQKTAFSKLERDFENVMIIYREDVDFSMYDRKLSDIYHDIICEQRLRTEDKRDEYLLNLLEKELREISKAQDSLISMYAKKRNHAWFDFFRNLALLKAGEIFRSTYNTKNHGISFGEGCIYLDMDMILTGKLGTIYAPDGISMHVDRRNDSVNIENSAIIVNRSNHPALLEGLSFMHSKVDAHPYYDGLGKGVKKYFNFTPLHNYNHFCDFIEFNHPNIIMNTSQYTCSSW
2017-12-23,5N7EB,5N7E,GAMASELDLEKGLEMRKWVLSGILASEETYLSHLEALLLPMKPLKAAATTSQPVLTSQQIETIFFKVPELYEIHKEFYDGLFPRVQQWSHQQRVGDLFQKLASQLGVYRAFVDNYGVAMEMAEKCCQANAQFAEISENLRARSNKDAKDPTTKNSLETLLYKPVDRVTRSTLVLHDLLKHTPASHPDHPLLQDALRISQNFLSSINEEITPRRQSMTVK
2017-12-23,5N7ND,5N7N,AFRIPLTRFKSVRKQLAEEGIYIHEGPYPEPLVNLLDVVYYGPISIGTPPQDFQVIFDTGSANLWLPSSKCTTKYCLHHHRYDSSKSSTYEADGRNFTIVYGSGNVEGFISKDVCRIGSAKVSGQPLGEALVVGGESLLEAPFDGILGLAYPSIAVDGVVPVFDNMMKQGLLGEQNVFSVYLNRDPSSKEGGEVLFGGIDHDHYKGSITYVPVTAKGYWQFHVDGVKSVSASKSAPELLCKDGCEAIANTGTSLITGPPEEVDSLNQYLGGTKTEGGQYLLDCDKLESLPNVTFTISGKEFSLRSKDYVLKVNQQGQTLCVSGFMGLEMPQPLWILGDVFLGPYYTIFDRDQDRVGFAEVAHHHHHH
2017-12-23,5OARC,5OAR,VGVNPLPAPREISWGSSGPKSIAGELQLRTDSDSADGIVADAWNRAWETIVALRWVPAATEAPISSFEPFPTPTAGAS
2017-12-23,5UBVB,5UBV,SNARFSDVHGCDEAKEELQELVEFLRNPEKFSNLGGKLPKGVLLVGPPGTGKTLLARAVAGEAGVPFFYMSGSEFDEIYVGVGAKRVRELFNAAKAKAPSIVFIDELDAIGGRRNSRDATYVRQTLNQLLTEMDGFAQNSGVIILGATNFPESLDKALTRPGRFDRHVHVSLPDVRGRIAILKHHAKKIKIGSDVNIAAIAARTSGLSGAELENIVNQAAVHASKEKAKAVMQAHFEWAKDKVIMG
2017-12-23,5UD6D,5UD6,MGHHHHHHGENLYFQGSAQEVERPKHFFGRVITALVTPFKLTGVEVDYGVAESLAAHLAENGSDAIIVAGTTGESATLTWSEEYELFRVVKSAVAGTKCRVIAGAGSNSTEEAIEATKKSAKLGLDGTLQVVPYYNKPPQQGIMAHFRAIANAAPDLPMMLYNIPGRTGINMTAETSIKLAEMCPNIVALKEASGNLEQFARIRRATSPDFALYSGDDALTLPLLSLGGNGVVSVASHFIGPEIQRMIEHFVDLGNPEEAFRIHCRYMDLFEALFVMANPIPAKAALRLLGWPVGPTRLPLTDITASAEQQLRQAMIAAGLLSNGSG
2017-12-23,5VGTB,5VGT,MATVLTKGEIVLFALRKFAIASNASLTDVEPQSIEDGVNDLEDMMSEWMINPGDIGYAFATGDEQPLPDDESGLPRKYKHAVGYQLLLRMLSDYSLEPTPQVLSNAQRSYDALMTDTLVVPSMRLEHHHHHH
2017-12-23,5W95B,5W95,MHHHHHHSSGLEVLFQGPASCPDVQMISVPGTWESSPQQNPLNPVQFPKALLLKVTGPIAQQFAPARVQTYTVAYTAQFHNPLTTDNQMSYNDSRAEGTRAMVAAMTDMNNRCPLTSYVLIGFSQGAVIAGDVASDIGNGRGPVDEDLVLGVTLIADGRRQQGVGNQVPPSPRGEGAEITLHEVPVLSGLGLTMTGPRPGGFGALDGRTNEICAQGDLICAAPAQAFSPANLPTTLNTLAGGAGQPVHAMYATPEFWNSDGEPATEWTLNWAHQLIENAPHPKHR
2017-12-23,5X56B,5X56,AEDEEYIKDTSAVISKVRSTLSMQKTDPNVADAVAELREASNSWVAKYRKEKALLGKASFRDIYSALNAVSGHYVSFGPTAPIPAKRKARILEEMETAEKALTRGR
2017-12-23,5XFTA,5XFT,SNIVTTIYVKGDPAKNKLLDCPFCHRVLLAYEAKKLPYKMEYIDFDNKPAWLLEASGGKVPVIKEGPDAPYMPDSDVIVVHLEKQHPEPSLQSSVPAEIGAKLFPNFRAILIGPAAEVADKVAALEEQLAGMDDYLRQHEAQGPLFGGQHLNGTDCSLAPKLYHAVVALKHFKGWELPARFTALHKYLAALKALPEWQHVDYGTEAIIAGWERHIKH
2017-12-16,5H63D,5H63,MARFNAAFTRIKIMFSRIRGLISCQSNTQTIAPTLSPPSSGHVSFAGIDYPLLPLNHQTPLVFQWFERNPDRFGQNEIPIINTQKNPYLNNIINAAIIEKERIIGIFVDGDFSKGQRKALGKLEQNYRNIKVIYNSDLNYSMYDKKLTTIYLENITKLEAQSASERDEVLLNGVKKSLEDVLKNNPEETLISSHNKDKGHLWFDFYRNLFLLKGSDAFLEAGKPGCHHLQPGGGCIYLDADMLLTDKLGTLYLPDGIAIHVSRKDNHVSLENGIIAVNRSEHPALIKGLEIMHSKPYGDPYNDWLSKGLRHYFDGSHIQDYDAFCDFIEFKHENIIMNTSSLTASSWR
2017-12-16,5M9FC,5M9F,GSSHHHHHHSSGLVPRGSHMASMTGGQQMGRGPKDMEKYLLSSIRDDGSASFPLLVYTSDSKTFQQAIIDHIDRTGQTTFTFYVQGGVSGSPMSNSCRGLFMSDTPNTSSLHGVYNAIGTDGRNVTGSVVGSNWTSPKTSPSHKELWTGAQSFLSTGTTKNLSDDISNYSYVEVYTTHKTTEKTKGNDNTGTICHKFYLDGSGTYVCSGTFVSGDRTDTKPPITEFYRVGVSFKGSTWTLVDSAVQNSKTQYVTRIIGINMP
2017-12-16,5MABC,5MAB,MTLWEDEMLDRMKGGFAATALLCLGLANPLAADTRTLSQQYLDDVRSGAIVIEGDSAAVSELILKRDIPIPYSYIAQLFATPNAFGSGPACIICHGSNNPTHAYRGLNLSTCDGLRNGSTEQPARAIFTPGEDPKNAIIGRRLRANRMPLGIAFNNPTDSAPILAIKEWILAGAPNDEHFTKEILPLFATDNTFGPDTPHCTTCHFSNQEPPSFHELNLTTYEGIMLGADSVAKGVDNATKVIIPGDPEASKVFQHLTEDRMPPGIDPSEDRDHPNTQILFAWIKQGAKCE
2017-12-16,5MBLB,5MBL,MRGSHHHHHHGSDLGKKLLDAASAGQDDEVRILMANGADVNASNSYGRTPLHAAANGHLEIVDVLLAYGADVNASDQWGYTPLHLAAAEGHLEIVVVLLANGADVNASSKRGNTPLHVAAQSGHLEIADVLLAHGADINANDYNGKTPFDLAIDNGNADIAEVLQKAAKLN
2017-12-16,5MDRF,5MDR,MGDGANSDAAKEYLTKDSFSYEVYGIIAMQAAYRDYDSGDAKQDDNLGGMQLNNESRIGFRGKKQFANFEPTFIWQIEGGYVDPSFGGEGAGLGERDTFVGFESASWGQVRLGRVLTPMYELVDWPASNPGLGDVYDWGGAIGGAKYQDRQSNTIRWDSPMYADKFSIDAAVGAGDKAGLGAGDDYWGGIAAHYKLGPLQLDAAYEGNRNIEAEGQTWENNTYLVGVQGWFENGISFFAQYKYMEADASNGVNEKQDAMSAGLMYTTGDWQYKLGYAANFDLERDGKTLSNTSDDVVSAQIMYFVDPSAVLYARARMNDFNEGLDGLDDAARWTSGTNGDYNEYSVGVEYYF
2017-12-16,5MLNB,5MLN,MTTTSNALVTGGSRGIGAASAIKLAQEGYNVTLASRSVDKLNEVKAKLPIVQDGQKHYIWELDLADVEAASSFKGAPLPARSYDVFVSNAGVAAFSPTADHDDKEWQNLLAVNLSSPIALTKALLKDVSERPVDKPLQIIYISSVAGLHGAAQVAVYSASKAGLDGFMRSVAREVGPKGIHVNSINPGYTKTEMTAGIEALPDLPIKGWIEPEAIADAVLFLAKSKNITGTNIVVDNGLIA
2017-12-16,5ORGB,5ORG,MQEKSITIATEGGYAPWNFSGPGGKLDGFEIDLANALCEKMKAKCQIVAQNWDGIMPSLTGKKYDAIMAAMSVTPKRQEVIGFSIPYAAGINGFAVMGDSKLAEMPGLGETYSLDSQADAAKKAIADISSFLNGTTVGVQGSTTASTFLDKYFKGSVDIKEYKSVEEHNLDLTSGRLDAVLANATVLAAAIEKPEMKGAKLVGPLFSGGEFGVVAVGLRKEDTALKADFDAAIKAASEDGTIKTLSLKWFKVDVTPQHHHHHH
2017-12-16,5U8MB,5U8M,GMGKRILLLEKERNLAHFLSLELQKEQYRVDLVEEGQKALSMALQTDYDLILLNVNLGDMMAQDFAEKLSRTKPASVIMILDHWEDLQEELEVVQRFAVSYIYKPVLIENLVARISAIFRGRDFIDQHCSLMKVPRTYRNLRIDVEHHTVYRGEEMIALTRREYDLLATLMGSKKVLTREQLLESVWKYESATETNIVDVYIRYLRSKLDVKGQKSYIKTVRGVGYTMQEG
2017-12-09,5K26B,5K26,HMYANPVWTALFDYEPSGQDELALRKGDRVEVLSRDAAISGDEGWWAGQVGGQVGIFPSNYVSRGGGAIRINPNGTWSRQAETVES
2017-12-09,5K28B,5K28,HMPVWTALFDYEPSGQDELALRKGDRVEVLSRDAAISGDEGWWAGQVGGQVGIFPSNYVSRGGG
2017-12-09,5KDIB,5KDI,PTFFSTMNTSFSDIELLEDSGIPTEAFLASCYAVVPVLDKLGPTVFAPVKMDLVGNIKKVNQKYITNKAKFTTLQKIVLHEVEADVAQVRNSATEALLWLKRGLKFLKGFLTEVKNGEKDIQTALNNAYGKTLRQHHGWVVRGVFALALRAAPSYEDFVAALTVKEGDHQKEAFSIGMQRDLSLYLPAMEKQLAILDTLYEVHGLESDEVV
2017-12-09,5ML9B,5ML9,AQLHSTVRAVPGNENSLEIEELARFAVDEHNKKENALLEFVRVVKAKEQYEDEHWFPGTMYYLTLEAKDGGKKKLYEAKVWVKNTAAPPSHMNFKELQEFKPVGDAAAAHHHHHH
2017-12-09,5OPFA,5OPF,HGSVVDPASRSYSCWQRWGGDFQNPAMATQDPMCWQAWQADPNAMWNWNGLFREGVAGNHQGAIPDGQLCSGGRTQSGRYNALDTVGAWKTVPVTNNFRVKFFDQASHGADYIRVYVTKQGYNALTSPLRWSDLELVGQIGNTPASQWTREVDGVSIQIPANAPGRTGRHVVYTIWQASHLDQSYYLCSDVDFG
2017-12-09,5UA0C,5UA0,MHHHHHHGLPIPNPLLGLDSTENLYFQGIDPFTLSMGKSETFEEAGNSVAPGNGISIMVNGCSGKMGKAVIKAADSAGVNIVPTSFGSVEEAGQTVEVCGKEILVHGPTEREKVLSSVFEKYPELIVVDYTIPSAVNDNAELYGKVGVPFVMGTTGGDRTRLYKTVEESKIYAVISPQMGKQVVAFLAAMEIMSEQFPGAFAGYSLEVMESHQASKLDASGTAKAVISCFQKLGVSYDMDQIQLIRDPKQQIEVVGVPEEHVSGHAFHLYHLTSPDKTVSFEFQHNVCGRSIYAEGTVDAVLFLAKKIRSKAEKRIYNMIDVLREGNMR
2017-12-09,5UFNB,5UFN,GHMSAAEPHYIDAQRAIAPVDAPLAAPHEYAAVLRSDFVSSYHDGRDVWTDEAAMRPASAILHAHLGRPAVVLDAGAGRGRDTAYFLEQGHRVTAVDLVEPPEWAPLAQRWGERVRFVACPVSELDGEARFDGALDNGCLHHQHPDAYGTYLARIHALLRPDGRFTISVFESDGPGRLYANHAQRLYREFTEPELAELLRAAHFTPVDSQRVPRPKAGLHYLVMTARKTDSTDASGRR
2017-12-09,5W5AB,5W5A,SNAMADRSVRPLRHLVHAVTGGQPPSEAQVRQAAWIARCVGRGGSAPLHRDDVSALAETLQVKEFAPGAVVFHADQTADGVWIVRHGLIELAVGSRRRRAVVNILHPGDVDGDIPLLLEMPMVYTGRALTQATCLFLDRQAFERLLATHPAIARRWLSSVAQRVSTAQIRLMGMLGRPLPAQVAQLLLDEAIDARIELAQRTLAAMLGAQRPSINKILKEFERDRLITVGYAVIEITDQHGLRARAQ
2017-12-09,5W5BA,5W5B,SNAMVHAVTGGQPPSEAQVRQAAWIARCVGRGGSAPLHRDDVSALAETLQVKEFAPGAVVFHADQTADGVWIVRHGLIELAVGSRRRRAVVNILHPGDVDGDIPLLLEMPMVYTGRALTQATCLFLDRQAFERLLATHPAIARRWLSSVAQRVSTAQIRLMGMLGRPLPAQVAQLLLDEAIDARIELAQRTLAAMLGAQRPSINKILKEFERDRLITVGYAVIEITDQHGLRARAQ
2017-12-02,5LQ8A,5LQ8,MNPKVLKVGAIPDQNQDVLDKRFNLFSKELSKQLDVEVKYIPVINYIAAVTGFRTKDLDLVWFGGLSGVQARLQTPNSIVIAQRDIDKEFKSVFVVNKNLELNSISNIKGLKKLKNLRFTFGSENSTSGRLMPEYFLNQAGVEIKHFKGKKAGFSGSHDATIALVNSGAFDAGALNKQVWENNLKNNPKRTSNLELFWITPEYVDYHWVAQGDLENRFGEGFTKELKSVILNLDIKQKSHKQILDMFNAKRFIKAESKQYKNIEEIGRKLNKIRLEHHHHHH
2017-12-02,5LV1C,5LV1,MSTKNAGPSADPDKLIVALIPDENAATVIQDNQGLKDYLTEAFDKEIELVVTTDYSSMIEAARNDRLDLAYFGPLSYVLAKAVSDIEPFAARIKGGTKTYNSCIIGNTKKGVTSFDDIKGTTFALGDPASTSSRLFPELTLAENGLTKGKDFQGVFLGSHDAVALAVQNGNAQAGGMACPILKSLKKKGVIDPSKVTTIAQSSPIPQYPWTMRSTLSPELKEKIRFTFLDLDSDKVLKPFNADGFASITDSDYDGIRKAGKLLGLDLSKFVKLEHHHHHH
2017-12-02,5N3UA,5N3U,MIEPSVEEFPAENGPQLTPELAIANLQSSDLSLRYYAAWWLGKYRVKESAAVDALIAALEDEADRTELGGYPLRRNAARALGKLGNRKAVPGLINCLECPDFYVREAAAQSLEMLKDKTAAPALIKLLDGGVAQAVQVTGRPHLVQPYEAVLEALGAIGATDAIPLIQPFLEHPVSRVQCAAARAMYQLTQEPVYGELLVKVLAGNDLNLRRVALGDLGAIGYLAAAEAIANAKAENSFKLIALKGLLEHQMSAESNALSISDQAIRVMNLMDSLL
2017-12-02,5N3UB,5N3U,MTNELINGVALADTPEKLVKAVQELALAKDVAAIPTLIAVFGYNNPTAAAIASTALVQLGEVAVPQLLTQIDDYNYGARAYSIRTLAAIADPRALDVLIDAAATDFAPSVRRAAAKGLGNLHWHKLEFPDNQTAPKKALETLLFISQDAEWSIRYAAIVGLQGLVNIPDLQQPIHTRLKEMLASDAEKAVRARILLAQSQLEHHHHHH
2017-12-02,5NIIB,5NII,METRPLVIIGAGPAGLSAAVYTARAGIPTLVFGSAPKVAGDYDIDNYFGFDETITGRELIERGRRQAERFGAVLRDDRILGLHHGDDGGFRITTEAGETAACAIILATGVSRVRPGISNIADYEGKGVSYCVSCDGFFYRGLRVKVLGEGVFAANQALELLHYTPHVSICTQGKAASITPEFMTRLDEAGIAVDDRKIASLEGTPALSVLRYEDGSTEEAQGLFIAMGEASSLDFAYTLGVERNGVFLGADSDQRTNIPGVFAAGDCTGGFLQIAVAVGEGAKAARAAISYIKEECPFATSRRNTTTES
2017-12-02,5O2JA,5O2J,MADADPDVLKVALLPDENASELIKRNQPLKDYLEEHLDKKVQLIVTTDYSSMIEAMRFGRIDLAYFGPLSYVMAKSKSDIEPFAAMVIDGKPTYRSVIIANVASGVNEYADLKGKRMAYGDRASTSSHLIPKTVLLETADLTGGQDYEQHFVGTHDAVAVNVANGNADAGGLSEVIFNHAAERGLIDPSKVKVLGYSGEYPQYPWAMRSNLSPELKTKVRDVFVGIDDPEVLRNFKAEAFAPITDADYDVIRNMGSLLGLDFATMLEHHHHHH
2017-12-02,5OK8D,5OK8,MKNQVKKILGMSVVAAMVIVGCSHAPKSGISKSNKAYKEATKGAPDWVVGDLEKVAKYEKYSGVFLGRAEDLITNNDVDYSTNQATAKARANLAANLKSTLQKDLENEKTRTVDASGKRSISGTDTEKISQLVDKELIASKMLARYVGKDRVFVLVGLDKQIVDKVREELGMVKK
2017-12-02,5OLUA,5OLU,MRGSHHHHHHGMASMTGGQQMGRDLYDDDDKDHPFTMAFQELSFQSFNGKDNVKAWIYTPIRKPRGIVQVVHGFGEHSRRYLHMILKFNEAGFVVAADDHVGHGKTAYDSGNWGDWGDKGYMTMAEDEHTLRKIVQEQYPDLPYFMFGHSMGSMIARGYAATHGAGLSGLILCGTSGRFPNASKLLPVLKNLIYEGKGQETDLSYLEELMGWMTERIEQPKTPNDWISSDPDIVADHANDPFNNFTTPPNIRSLYYFVQMMEIIVGTEWAEKVPVSIPIYNIAGDQDPVGQYGEGVYAVSNWLVQTGHHVKTKVYPGHRHEIHNDRDIRDEVEEGIISFINGIIVK
2017-12-02,5OVSN,5OVS,TTVTIVRKDGRIAIAADTLTKWGGGKESADYVANHEKIIRVGDSYVAITGSATFKLILADYFASLDEPPQLDSVARIFCVWNTLHGALKEHYYLQAGEDKEDDLESSRMDVLIANPRGIFGVAAHRTVQEFSKFYAYGSGSPYALGAMYAAYRAPSLDAEAVARLGVMAAAEFHDESGLPVQSFVMELSPDVGSGENLYFQ
2017-12-02,5OVUB,5OVU,TTCVVVRKGDEVAIGADALVTFGDTRLSRAYERNQKVIPVGDSFVGLAGTTAHFPVMRSLLTGMGEECRLHTRDDVFRTFLKVHEKLKNEYFINTKEDEDDPYESSQIVCLIANSGGIFGVYSYREVFSFDRFWGIGSGRNYALGAMHAVYDRTDLDAGAIARIGVEAGIEFDKSSAAPIDVHTVRLQVATNKDGAA
2017-12-02,5U5NB,5U5N,VLAAAPVMVNDCTGKVGQAVAEAAVAAGLRLVPLSLTGPGRGGKRVVIGNVEVDVREVSEREDVVKEVITEYPNVIVVDYTLPAAVNDNAEFYCKQGLPFVMGTTGGDREKLLDVARKSGTYSIIAPQMGKQVVAFVAAMEIMAKQFPGAFSGYTLQVTESHQSTKADVSGTALAVISSLRKLGLDFKDEQVELVRDPKEQMTRMGVPEQHLNGHAFHTYKIISPDGTVFFEFKHNVCGRSIYAQGTVDAVLFLSKKIQEKSEKRLYNMIDVLEGGSMR
2017-12-02,5UKYB,5UKY,GHMAEKARDSEDRMRQFITDASHELRTPLTTIRGFAELYRQGAARDVGMLLSRIESEASRMGLLVDDLLLLAKL
2017-11-25,5JVBB,5JVB,MNIQKSENKANPQKLVVALLPDESAATVIQNNKGLEMYLENKLNKDIELFVSTDYSSMIEVASKGRLDLAYFGPLSYVLAKTKSNIEPFAALEKDGKNTYQALVIGNAEAGINSYEKIEGKIMAYGDQASTSSHLIPKSMLKQKQLKAGENYEEVFVGAHDAVAIAVANGKAQAGGLSKPIFTALIERGTIDKNKVIIIAESKPFPQYPWTMRSDLDSELKTQIQQAFLELEDKAILKPFKADAFTLVTDQDYDVVRNLGEVLELNFEQLNKLEHHHHHH
2017-11-25,5M2DB,5M2D,KCLALLAAVASLGSAQQLCEQYGYHAANGYYFNNNMWGQGSGSGSQCLTVDSAQSGGVSWHVDWQWSGGQNNVKSYPYAGRELPQKRLVSSIGSIPTSASWGYSGNNLRANVAYDLFTAADPNHETSSGDYELMIWLGRLGDVYPIGSSVGFVNVGGQQWELFDGYNGNMHVFSFVAPQQINNFNTDVKTFFDYLTWNRGFPADQQHLLILQFGTEPFTGGPATFQVNHFSGQVN
2017-11-25,5M4SA,5M4S,AYQLYRNTTLGNSLQESLDELIQSQQITPQLALQVLLQFDKAINAALAQRVRNRVNFRGSLNTYRFCDNVWTFVLNDVEVREVTELIKVDKVKIVACDGKNTANSANTNTVPKLYRSVIEDVINDVRDIFLDDGVDEQVLMELKTLWENKLMQSRAVDGELFDTENVVVCQYDKIHRSKNKWKFHLKDGIMNLNGRDYIFSKAIGDAEW
2017-11-25,5NOFB,5NOF,MSLLAKIVDGKNLSFEEAYELFNELKGSDGVLIGAYLAALQTKGYTGEELAGLARAMRDSAVKLDLGKVADTAGTGGDGSSTINVSTASALILSAFTRVAKHGNVSITSKSGSANVLEALGLNIRVSPERAREMVESTNFTFIFAPAYHPALRPIMPVRKALGIKTVFNVIGPLANPADPAYQVVGVNSPELLEPVAEALEFLGVERALVVHGSGMDEVSPHRETLVLEVGNGVERYTLSPEDFGIEPVKPLPCSSPEESAARIKAVLGGSGRREDRDFILVNASAALYASGVAEDFREGLEMAREALGQGMLEKLEEIACLSKS
2017-11-25,5OJ7A,5OJ7,HMVPACPPPNPHQVEQLQDFVSQSQRLFVMTGAGISTESGIPDYRSEGVGLYSRTERRPIQHSEFVQSQAARRRYWARNFVGWPSFSSHEPNSAHVNLCKWERAGRLHWLVTQNVDALHTKAGQCRLSELHGCTHRVICLGCQTVTKRSELQERFLNLNPSWNEQAHGLAPDGDVFLTDEQVSDFQVPACTKCGGILKPQVTFFGDTVNRGFVFSIYEQMKQADAMLIVGSSLQVYSGYRFALNAKELHLPIAILNIGPTRADHLAKVKVSARCGDVLPHILLQDQ
2017-11-25,5OWGA,5OWG,GPLGSPEFMIWERLIKWKDETIEVLNNNLVEYNEPGMERFNNEKLGWVNRTWNNRYIRRAHLDVVDVRESKGLWMAHLCLFPMLTNGGPIYGFDIIAGEKKVTGAFHDFSPLLQKDHPLTKWFIEENKWFKPSKERELPEWAKAIFSGGMIAAGNVREEDELNKICTMAVSNLNNYIDKIRNHEGEAEMADVIKAQNYYSEHQQKNPHTPRVMQSLGLPEEDIKLFCSDNLFPFVSENQPYLK
2017-11-18,5H29A,5H29,MKHHHHHHPMAWFPESMRQQLSGIFAKLTKKVTLLQFLDASDEKSLELQSFLTEFASLDQKITLETILKDTEPAKELLYGIEKMPSVVLLDAAGNYTGIKFSGIPSGHEVNSLVLAVYNVGSEGQPLEASLQKNILALPKRKIEIFVSLTCHFCPDVVAACQRIASINPHVEAEMVDISLFPELKKEKKIMSVPAMLIDGEQMIFGSKTMTEIIEALA
2017-11-18,5H6IC,5H6I,GSPGISGGGGGILDSLADFADQVTTPQVVNHVNSNNQAQQMAQKLDQDSIQLRNIKDNVQGTDYEKPVNEAITSVEKLKTSLRANSETVYDLNSIGSRVEALTDVIEAITFSTQHLANKVSQANIDMGFGITKLVIRILDPFASVDSIKAQVNDVKALEQKVLTYPDLKPTDRATIYTKSKLDKEIWNTRFTRDKKVLNVKEFKVYNTLNKAITHAVGVQLNPNVTVQQVDQEIVTLQAALQTALK
2017-11-18,5H6XB,5H6X,EIGFSPLLTAEEEIHYATLALKGDMEARKKMIESNLRLVVKIARRYLNRGLPLLDLIEEGNLGLMKSVEKFDPKRGFRFSTYATWWIRQTIERAIMNQTR
2017-11-18,5H6ZB,5H6Z,AGHMTSMRIPVIRSPLEIRDTERKGRGVFALEPIPAQTCIEISPVLMFSKEEYEQHGQYTVLNEYTYVWSEGKQGLALGLGSMFNHDRHPNVYWKKDNRNNYISYYTLREIKTNEELCISYGDHLWFEDEASSASRISPNEENEDFPLQNISLLETMYPYDVPDYAAPG
2017-11-18,5H7TA,5H7T,MHHHHHHGVGSIVSSDVFNSIVGGAASGCAGNGFYTYDSFISAANAFNGFGTSGSSDVNKREIAAFFANAAHETGGFCYIEEQNPTSIYCDASNTQYPCASGKTYHGRGPLQLSWNYNYGAAGSYIQFDGLNNPEIVGTDSTISFKTAVWFWMVNSNCHTAITSGQGFGATIRAINSMECDGGNAATVASRVNYYQKFCQQLNVDTGSNLQC
2017-11-18,5NL9B,5NL9,GSHMASMKDSYERSKKILEDAGINVTVQRLQMANLLLSKPQHLTADQVFQLINEHMPNASRATIFNNLKLFAEKGIVNLLELKSGITLYDSNVIHHHHAIDEKTGEIYDISLDSKLQEKVLSELKQDFKLKTGSSLENCNLSITLKGKKNP
2017-11-18,5OH5A,5OH5,GPSILEEYIRMAKNKEFFDALEEIAESAKNDETLRNELAKVLDDILKTDPSDPEAFRKIVAEHQEFWDEHDPSLMEFNEGRFFGKSRKQYLKSDDFLNSTDPTYNFQKLHQFAAEQRVKLGLEKSDTDTLVAILKNNPEECRAYIESKKPGLGNFSEGNVHGWLKEEYTPTIPPKAINKSTGVLSDEAIKRIKEQARDLLLLKLINSSGNTQLLKDLRDAMSKPEAERAANALGFPTEGNGVLFLSREVVDALEERVEKLEQEAAKRGFDSYVQSLSHNALLA
2017-11-18,5OH6B,5OH6,GPSAKNKEFFDALEEIAESAKNDETLRNELAKVLDDILKTDPSDPEAFRKIVAEHQEFWDEHDPSLMEFNEGRFFGKSRKQYLKSDDFLNSTDPTYNFQKLHQFAAEQRVKLGLEKSDTDTLVAILKNNPEECRAYIESKKPGLGNFSEGNVHGGSGGVLSDEAIKRIKEQARDLLLLKLINSSGNTQLLKDLRDAMSKPEAERAANALGFPTEGNGVLFLSREVVDALEERVEKLA
2017-11-18,5OJGB,5OJG,MPSNCRRFEGKVAIVTAATKGIGLAIAERLLDEGASVVIGSRNQKNVDEAIEYLKNKGLTKVAGIAGHIASTDDQKKLVDFTLQKFGKINILVNNHGINPAFGHILEVSDQVWDKLFEVNVKAGFQMTKLVHPHIAKEGGGAIIFNASYSAYKSPPGIAAYGVTKTTLVGLTRALAMGLAKDNIRVNGIAPGVIKTKMSQVLWDGGEDAEKELTDIQEIALGRLGVPDDCAGTVAYLASDDSSYITGEMIIIAGGVQARL
2017-11-18,5UHXA,5UHX,TYPEGSPVYHNGKLSVQGTQMVSECGKPVQLRGMSSHGLAWFPKCYTEASLTALVKDWNIDIFRLAIYTHEWGGYTTNQWKSKDDYNAYIDNMVDICAKLGIYCIIDWHVLNDGSGDPNYTLDDAIPFWDYMSAKHKDDKHVLYEICNEPNGFDVKWADVKEYAEAVIPVIRKNDPDKIIICGTPTWSQDVDLAAQDPLSYDNVMYTLHFYSGTHTQYLRDKAQVAINKGLALFVTEFGTTQASGDGGVYFDECNTWMDWMDARKISWVNWSFADKPESSAALKPGASNSGDWNMVSESGQYIKRKLSQPKSYESCGGHHHHH
2017-11-18,5UNQF,5UNQ,PYVTISATEGLSAEKKKQLLERSSDAVVQSIGAPLASVRVMLHELPGGHYLNAGQFNTPGLMFVVDFIEGRTEEQRNALIAALSKTGTETTGIPESEVRVRLLDFPKANMGMAGGISAKAMGR
2017-11-18,5VA4A,5VA4,EEGQKVDHCAHHGEKLVLFCQQDGNVICWLCERSQEHRGHQTFLVEEVAQKYREKLQVALEMMRQKQKDAETECNQVAKRVPKAPPEEKEALIARGKACGEQTQSVRVLISDLEHRLQGSVMELLQGVDGVIKRIEKVTLQ
2017-11-18,5VTGB,5VTG,MDVSPDVVFEATPNLFTLDGRVDVPWARIVVHDLPESAVGVSSDVVMLNDNLQPEEPKTASIPINSNLIVHVGNNVRIDAFGLKARLTGDLNVVQDKQGLGLNGQINIPEGRFHAYGQDLIVRKGELLFSGPPDQPYLNIEAIRNPDATEDDVIAGVRVTGLADEPKAEIFSDPAMLEHHHHHH
2017-11-11,5K0AD,5K0A,GSHMVKLSSKNLDARLDTVYDAIVLGGGMGGLSAAIYLARYGLKCLVVEKGRGRSFWMQDLRNYVGLDPDTPGRDIITHSTQQALHWGADLLRGYVEDVTDEGDTLAVKVKVGKKDSLYPIFRTKYVIAATGIIDNLPQLEDMQNVYDYAGYTLHVCMICDGFDMWDQKAVLIAGTEGQINAAFVLNWFTPYITVLTHGLCTVGDEMKAKLADHGYPLHEAAITKFLGEDHKMSGVELVDGTVMEATTGLINMGSVYHNHYLKGIEGLEWDGENLVTNDMAQTSHPRIFALGDLKKGLNQVSVAVADGTLAATQIWRNIRRASEPRKWIH
2017-11-11,5LEFD,5LEF,GAMEQWCSERLDNQKELMEELYEEKLKILKESLTTFYQEQIQERDEKIEELETLLQEAKQQPAAQQ
2017-11-11,5M13B,5M13,SQVQLVESGGGSVQAGGSLRLSCVASGDIKYISYLGWFRQAPGKEREGVAALYTSTGRTYYADSVKGRFTVSLDNAKNTVYLQMNSLKPEDTALYYCAAAEWGSQSPLTQWFYRYWGQGTQVTVSA
2017-11-11,5M14D,5M14,GPSQVQLVESGGGSVQAGGSLRLSCAASGQIEHIGYLGWFRQAPGKEREGVAALITYTGHTYYADSVKGRFTVSLDNAKNTVYLQMNSLKPEDTALYYCAAAEWGSQSPLTQWFYRYWGQGTQVTVSA
2017-11-11,5M15D,5M15,GPSQVQLVESGGGSVQAGGSLRLSCAASGKIHEIGYLGWFRQAPGKEREGVAALMTFQGQTYYADSVKGRFTVSLDNAKNTVYLQMNSLKPEDTALYYCAAAYWGKQSPLISWDYSYWGQGTQVTVSA
2017-11-11,5N0JB,5N0J,GSHMILKREHFDEKQAQLYDVIIAGGGAGGLSAAVYLARYNLKVLVIEKGRGRSFWMQDLWNYVPRVVSGKELIEGGKEMALHYGADWLNGFVEAVTDTGEEFQVRVKYRFKNSDYPVFRAKYLIAATGLMDVLPQLENMQNVYEYAGYNLHVCLICDGYEMTNRRAALIAGSEKAINTAFVLNWFTPYITVLTLGAYPVGDEMRAKLADHGYPLIEKPIARFLGKDHVMDGIEFADGTSIKVDTGLISMGSIRHDGYLKNLDLLTDGGDIVTEYDCRTSHPRVFALGDLKKGLNQVSIAVADGTLAATAIWKEIRRASAPRKWTAPLQEAAARAEESARPEISLGAPRGG
2017-11-11,5NA2B,5NA2,TIQTVNGVPQYVALDPKMVSIFMEKAREGLGGEEVQLWFTAFSANLTPTDMATLIMAAPGCAADKEILDESLKQLTAEYDRTHPPDAPRPLPYFTAAEIMGIGLTQEQQAEARFAPARMQCRAWYLEALGKLAAIKAKSPRAVQLRQGAKEDYSSFIDRLFAQIDQEQNTAEVKLYLKQSLSIANANADCKKAMSHLKPESTLEEKLRACQEI
2017-11-11,5NAAB,5NAA,MNGFERELQNNILGLMPQAILSSEHGSLNPQQLPETAVKLDGVNRVAPITTGDVVLQSARSVAVGVMLGIDPAQKDPLTPYLVNVKQTDLEPGKYNVILGEQLASQLGVNRGDQIRVMVPSASQFTPMGRIPSQRLFNVIGTFAANSEVDGYEMLVNIEDASRLMRYPAGNITGWRLWLDEPLKVDSLSQQKLPEGSKWQDWRDRKGELFQAVRMEKNMAAALEHHHHHH
2017-11-11,5NM9B,5NM9,GPGMSASGSGDATLGIVHTLMCHRQGGESENFAKRAVESLVKKLKDKRDELDALITAVTSNGIQQSKCVTIARTLDGRLQVAGKKGFPHVIYSRIWRWPDLHKNELKHIKLCKFAFDLKLDHVCVNPYHYERVISPGYNVTDI
2017-11-11,5O8YF,5O8Y,MNNMNVIIADDHPIVLFGIRKSLEQIEWVNVVGEFEDSTALINNLPKLDAHVLITDLSMPGDKYGDGITLIKYIKRHFPSLSIIVLTMNNNPAILSAVLDLDIEGIVLKQGAPTDLPKALAALQKGKKFTPESVSRLLEKISAGGYGDKRLSPKESEVLRLFAEGFLVTEIAKKLNRSIKTISSQKKSAMMKLGVENDIALLNYLSSVTLSPTDKE
2017-11-11,5OIYH,5OIY,HHHHHHLEVLFQGPMKYTKLEKDALDLLSDNEEEDAESSILTFEERDTSSLSIEARLESIEEKLSMILGLLRTLNIATAGPTAARDGIRDAMIGVREELIADIIKEAKGKAAEMMEEE
2017-11-11,5OMTA,5OMT,AARYDDVLYFPASRYPETGAHISDAIKAGHADVCTIERSGADKRRQESLKGIPTKPGFDRDEWPMAMCEEGGKGASVRYVSSSDNRGAGSWVGNRLNGYADGTRILFIVQ
2017-11-04,5BJYB,5BJY,ARDISIEDLLARKPKDLDDSAVAAFLKDKVVLVSGAGGTIGSELCKQCIKFGAKHLIMVDHSEYNLYKINDDLNLYKEKITPILLSILDKQSLDEVLKTYKPELILHAAAYKHVPLCEQNPHSAVINNILGTKILCDSAKENKVAKFVMISTDKAVRPTNIYGCTKRVCELYTLSMSDENFEVACVRFGNVLGSSGSVIPKFKAQIANNEPLTLTHPDIVRYFMLVAEAVQLVLQAGAIAKGGELFVLDMGKPVKIIDLAKKMLLLSNRNDLEIKITGLRKGEKLYEELLIDENDAKTQYESIFVAKNEKVDLDWLNKEIENLQICEDISEALLKIVPEFKHNKEGIAAGFNRIPAAALEHHHHHH
2017-11-04,5NODA,5NOD,GHMKVTSVAMPSYIGSSLEFTKNNLIQIVGIKEANIEVVEVTTAPAGSVEGMVVEQSPRAGEKVDLNKTRVKISIYKPKTTSATP
2017-11-04,5O96H,5O96,GPAVRTIRIYQPGEYQPGQLLELSPEAGQHVGVVLRMEQGEQLTLFNGDNKEFTASIERVKKKQVFVRIASVLEVNRESPLKIHLAQAISKGERMEMVMQKSAELGVACITPLITERCQVKIDKEKMAKKMHQWLNIIIGACEQCGRNQIPELRQPVYLDQFVREAKEHLKLILHPAFSKTWRDYPVQPPDVALIIGPEGGFSDEEIRLTSGHGFLPLSLGPRVLRTETAAITALSVLQAAGGDL
2017-11-04,5OHFH,5OHF,GTGVPETVFEELKRYVGWGDGDERALRSLHGAAAPHFPRLAEEFYDRILGHEGARTALVGGESQVGHLKVTMIAWLDELLGGPWDEAYWDRRYRIGRVHVRIGLPQHYMFGAMNVHRTGLARLAYERFHGDPPELERVRNALGKVLDLELAVMLHTYREDL
2017-11-04,5OKUA,5OKU,MGGSHHHHHHGMASMTGGQQMGRDLYDDDDKDPSSDWPTRQVTLVVPFTSGGTTDMLARLIAARLSEHYGQSFVIDNRSGESGNIAASYVAKVPADGYTFIIGTPGIHATNRLVYRTMGYDPATDFTPVIVIARVPNLLSVTKSLPVTSVADLISYARQRPRELFYGVSALGSTGHLSTELFKTMTGVEITAVPYKGSAPMLRDLAEGRVHLTIDNLPASKPLLEAGEIRPLAVTTAKRWPPLSHLPTIAEAGVPGYETASWFTVGAPRGTPTEIVTSLNTTVAAFLGSDSGTVKLREIGAEPGGGSPQDMQRHVEAEIARWEKVAKTAGIAPL
2017-11-04,5OT0F,5OT0,MKLLVLGTGGTIASAKTEMGYKAALSADDILQLAGIRREDGAKIETRDILNLDSTLIQPEDWVTIGRAVFEAFDEYDGIVITHGTDTLAYTSSALSFMIRNPPIPVVLTGSMLPITEPNSDAPRNLRTALTFARKGFPGIYVAFMDKIMLGTRVSKVHSLGLNAFQSINYPDIAYVKGDEVLVRHKPRIGNGEPLFDPELDPNVVHIRLTPGLSPEVLRAVARATDGIVLEGYGAGGIPYRGRNLLEVVSETAREKPVVMTTQALYGGVDLTRYEVGRRALEAGVIPAGDMTKEATLTKLMWALGHTRDLEEIRKIMERNIAGEITGS
2017-11-04,5VR2D,5VR2,RDLEAAYNNLLRDKSALEEEKRQLEQENEDLARRLESSSEEVTRLRRGQC
2017-10-28,5H1NB,5H1N,MEKYCELIRKRYAEIASGDLGYVPDALGCVLKVLNEMAADDALSEAVREKAAYAAANLLVSDYVNELEHHHHHH
2017-10-28,5NLTF,5NLT,HTRMFSVWVNGVDQGDGQNVYIRTPPNTDPIKDLASPALACNVKGGEPVPQFVSASAGDKLTFEWYRVKRGDDIIDPSHSGPITTWIAAFTSPTMDGTGPVWSKIHEEGYDASTKSWAVDKLIANKGMWDFTLPSQLKPGKYMLRQEIVAHHESDATFDKNPKRGAQFYPSCVQVDVKGVGGDAVPDQAFDFNKGYKYSDPGIAFDMYTDFDSYPIPGPPVWDAQDEGCCFIDGVDTTSVKEVVKQIICVLK
2017-10-28,5O76F,5O76,GSGGSMHIFVKTGIGPIISLEVEPSDTIENVKAKIQDKEGIPPDQQRLIFVGKQLEDGRTLSDYNIRKASYLYLVLRLHRSS
2017-10-28,5O9JB,5O9J,GGYAVDYNEPIIIKENGEIKVVKIGELIDKIIENSENIRREGILEIAKCKGIEVIAFNSNYKFKFMPVSEVSRHPVSEMFEIVVEGNKKVRVTRSHSVFTIRDNEVVPIRVDELKVGDILVLAKRITNIYTNRKLEKLINSDFIFLKIKEINKVEPTSGYAYDLTVPNAENFVAGFGGFVLHNA
2017-10-28,5OQ3A,5OQ3,MGSSHHHHHHSSGLVPRGSHMSNDKEMRAAWISTVYNLDWPKTKNNEAKQKKEYTDLLDKLKSVGINTAVVQVRPKSDALYKSNINPWSEYLTGTQGKDPGYDPLPFLIEEAHKRGMEFHAWFNPYRITMADESIDKLPANHPAKKNPSWVVKHGNKYYYDPGLPEVRKYIVDSIAEVVQNYDIDGVHFDDYFYPGVSFNDTATYQKYGKGQNKDNWRRENVNTLLRDVKASIKSIKPNVVFGVSPAGIWRNKSSDPTGSDTSGNESYVGTYADTRAWIKQGLIDYVVPQLYWPIGLKAADYSKLVAWWANEVKGTNVDLYIGQGIYKQGQSSYGGQNIAKEIVQQVTLNRKYSEIKGSMYFSAKDIANSTSIQKDLKSLYSSSEEPVTPPSNVKV
2017-10-28,5OQDF,5OQD,GPDSMRQLPYHADKLSWDEKHRVNEEQIYCYCGKPGKFDHNMLQCCKCRNWFHTQCMQNFKKKLLRGDMFFVFCCTVCNNGIEFVRRMQIEWVDVLHIALYNLRKHQHQKYHHLLNDIWPFILEQRHQLPICEKWRTLPETALMERLKQTLKDYSDRFVCGREFKRAPAFYALRHSGPPHIPKVFLEPHEELSDELLEKRFKLMLMPEE
2017-10-28,5U0TA,5U0T,MGSSHHHHHHSSGLVPRGSHMIVGGSTIQPERVDAAALRQLGDAMRKVVGSADPTPLADLLSGTPVDPDELTREVGADGRQALLDSGMAVDDGTTFSSPLRGHQLHGVVVLSDPDVEEEVQHRWYVDPLWEADLLIRLMLRRGGARALDMGCGSGVLSLVLADRYESVLGVDVNPRAVALSRLNAALNGLTNVTFREGDMFEPAEGRFSRIVFNSPTNEEGNEFVDLLEAGEPILETFFRNVPRKLESGGIVEVNLAMNDYPGDPFRERLADWLGLTENGLRVQIFTSQRRATESGGEWKRGWLVVAPGPVGLTEVEWPYHDRYEEDPDALLDGTDRLLRG
2017-10-21,5GLEA,5GLE,MAIPKIASYQVLPLESFPTNKVDWVIDPKKSVVLVHDLQAYFLNFFDKTLSPVPELLRNVNKVTESARSAGIPVVYTAQPANQDPNERALLTDFWGVGLTQDTEIVPEVSPQPEDIQYTKWRYSAFKKTPLLEWMKEEQRDQLVIVGVYGHIGILSTALDAFMLDIKPFVIGDAIADFSKEDHMNTLKYVASRSGSVKSVDEFIDSVT
2017-10-21,5GWRD,5GWR,MRENKIIMISGANSGIGHACIKYFLEKSFHVIALDINNNNLIDYMKTDMPLKVVQIDLSNSEAIHNLFTQLDLEKLSPDILINAAGIREITPVLHLSDDMFKKVIDVNLVAPFILSREVAKRWCESKIKGCIVNIASVSGLMAEPERAAYVASKHALIGLTKQMAMEFGKQNIRVNSISPGVIRTELTEEYFSNKALMSMIKSNQSLDTWGLPQDIVSCIEYLISDQARFITGSNFVIDGGWTAGKNLLEKGELNSKLEGKPIPNPLLGLDSTRTGHHHHHH
2017-10-21,5LVTD,5LVT,MANKQDLIAEVAAKTGLTKKDSEKAVNAFGEVVTEFLAKGEKVQLIGFGTFETRERAAREGRNPQTGEAIKIAATVVPAFKAGKALKDAVK
2017-10-21,5LW3A,5LW3,MDYNVKDFGALGDGVSDDRVAIQAAIDAAHAAGGGTVYLPPGEYRVSAAGEPSDGCLTLRDNVYLAGAGMGQTVIKLVDGSAQKITGIVRSPFGEETSNFGMRDLTLDGNRANTVDKVDGWFNGYAPGQPGADRNVTIERVEVREMSGYGFDPHEQTINLVLRDSVAHHNGLDGFVADYQIGGTFENNVAYANDRHGFNIVTSTNDFVMRNNVAYGNGGNGLVVQRGSENLAHPENILIDGGSYYDNGLEGVLVKMSNNVTVQNADIHGNGSSGVRVYGAQGVQILGNQIHDNAKTAVAPEVLLQSYDDTLGVSGNYYTTLNTRVEGNTITGSANSTYGVQERNDGTDFSSLVGNTINGVQEAAHLYGPNSTVSGTVSAPPQGTDLE
2017-10-21,5LXOH,5LXO,TQEGQRYQALKAHAEEKLQLANEEIAQVRSKAQAEALALQASLRKEQMRIQSLEKTVEQKTKENEELTRICDDLISKMEKI
2017-10-21,5LXUA,5LXU,RPRLVWTPQLHKRFVDVVAHLGIKNAVPKTIMQLMNVEGLTRENVASHLQKYRLYLK
2017-10-21,5LY0B,5LY0,AAPTTPGAGAPCAACKFLRRKCLPGCVFAPYFPPEEPQKFANVHKVFGASNVTKLLNELPPHQREDAVSSLAYEAEARVKDPVYGCVGAISVLQRQVHRLQKELDAAHTELLRYACGELGGIPTALPVVTA
2017-10-21,5LYNB,5LYN,GSMAETKAKAEDLKMQGNKAMANKDYELAINKYTEAIKVLPTNAIYYANRAAAHSSLKEYDQAVKDAESAISIDPSYFRGYSRLGFAKYAQGKPEEALEAYKKVLDIEGDNATEAMKRDYESAKKKVEQSLNL
2017-10-21,5LYPA,5LYP,GSMEDDAETKAKAEDLKMQGNKAMANKDYELAINKYTEAIKVLPTNAIYYANRAAAHSSLKEYDQAVKDAESAISIDPSYFRGYSRLGFAKYAQGKPEEALEAYKKVLDIEGDNATEAMKRDYESAKKKVEQSLNLEKTV
2017-10-21,5NBPB,5NBP,MGSSHHHHHHSSGLVPRGSHMSDSVGTEPEENPQDILFKDDFNFFDEKVWTKETHEPGWTNQELQAYDAAHVSVGKDGDKSVLILTAERKGNKIYSGRINSKGKKSFKYRKIEASIKLPKTNGGLWPAFWMMGDNDKQWPACGEIDIMEMGEQSGMAAGDSEKQVNTAIHYGPSAAAHEQQYYKANVANSLQDGNYHTYSLDWDENNLTISIDNVKFHTFDISSNTYFHDNFYILFNLAVGGAFTGITDINKLTGLKDGQKVNMYIDWVKIL
2017-10-21,5NOIA,5NOI,RAPPQFVVRPRDQIVAQGRTVTFPCETKGNPQPAVFWQKEGSQNLLFPNQPQQPNSRCSVSPTGDLTITNIQRSDAGYYICQALTVAGSILAKAQLEVTDVLTDRPPPIILQGPAMQTLAVDGTALLKCKATGDPLPVISWLKEGFTFPGRDPRATIQEQGTLQIKNLRISDTGTYTCVATSSSGETSWSAVLDVTESGKL
2017-10-14,5H1PB,5H1P,MMVLVSYDVSTSSPGGDKRLRKVAKACRDLGQRVQFSVFEIEVDPAQWTALRQRLCDLIDPDIDSLRFYHLGAKWEARVEHVGAKPSLDLKGPLIFLEHHHHHH
2017-10-14,5O0PB,5O0P,GSPCPGACVCYNEPKVTTSCPQQGLQAVPTGIPASSQRIFLHGNRISHVPAASFQSCRNLTILWLHSNALARIDAAAFTGLTLLEQLDLSDNAQLHVVDPTTFHGLGHLHTLHLDRCGLRELGPGLFRGLAALQYLYLQDNNLQALPDNTFRDLGNLTHLFLHGNRIPSVPEHAFRGLHSLDRLLLHQNHVARVHPHAFRDLGRLMTLYLFANNLSMLPAEVLMPLRSLQYLRLNDNPWVCDCRARPLWAWLQKFRGSSSEVPCNLPQRLADRDLKRLAASDLEGCAVASGPFRPIQTSQLTDEELLSLPKCCQPDAADKASVLEAAAHHHHHH
2017-10-14,5OCRD,5OCR,HHHHHHGSQQPTKTSNPNDQWTIKWSASDEFNKNDPDWAKWIKTGNLPNTSAWKWNNQKNVKISNGIAELTMRHNANNTPDGGTYFTSGIFKSYQKFTYGYFEAKIQGADIGEGVCPSFWLYSDFDYSVANGETVYSEIDVVELQQFDWYEGHQDDIYDMDLNLHAVVKENGQGVWKRPKMYPQEQLNKWRAPWDPSKDFHIYGCEVNQNEIIWYVDGVEVARKPNKYWHRPMNVTLSLGLRKPFVKFFDNKNNAINPETDAKAREKLSDIPTSMYVDYVRVWEKS
2017-10-14,5OL8D,5OL8,MDENAKEPENALDKLFSSEQQASILHVLNTASTKELEAFRLLRGRRSINIVEHRENFGPFQNLESLMNVPLFKYKSTVQVCNSILCPKTGREKRKSPENRFLRKLLKPDIERERLKAVNSIISIVFGTRRIAWAHLDRKLTVLDWQQSDRWSLMRGIYSSSVYLEEISSIISKMPKADFYVLEKTGLSIQNSSLFPILLHFHIMEAMLYALLNKTFAQDGQHQVLSMNRNAVGKHFELMIGDSRTSGKELVKQFLFDSILKADPRVFFPSDKIVHYRQMFLSTELQRVEELYDSLLQAIAFYELAVFDSQPLEHHHHHH
2017-10-14,5OL9A,5OL9,MKSTTPKKITPNVTFCDENAKEPENALDKLFSSEQQASILHVLNTASTKELEAFRLLRGRRSINIVEHRENFGPFQNLESLMNVPLFKYKSTVQVCNSILHHHHHH
2017-10-14,5SWKD,5SWK,GPHMSLTEDNNNTTITIAKGENKEIILHGNPTTGYSWVVDSSEGLSNTVEYVADQHAPGISGSGGKYHIKITGTQTGEGKIVLVYRRTSFAEYWNLLSPDRTFTLKVNVQ
2017-10-14,5TEDB,5TED,SHGNIDLGFIYTMGAHTVPELVQNFTKVESHKDITFSFFQGATKSIIPDLKNEKFDLAICSYVENEPDIEFLPLTKQELVVVVAENHPLAKYDSIDLQDTADYSYIFFSDTSGLRPLIDSLFAEINIQPKIGCYVEEDTAMVGLVSVDYGISIMPKISSLAHYNVKVLSINEPKHDRFIYLASLKNHYISPASKAFKDFALRYGKKHFLRENLYFQGLEHHHHHHH
2017-10-14,5UF4C,5UF4,HHHHHHGGCPSQCSCSGTTVNCKSKSLASVPAGIPTTTRVLYLNDNQITKLEPGVFDRLVNLQTLWLNNNQLTSLPAGLFDSLTQLTILALDSNQLQALPVGVFGRLVDLQQLYLGSNQLSALPSAVFDRLVHLKELLMCCNKLTELPRGIERLTHLTHLALDQNQLKSIPHGAFDRLSSLTHAYLFGNPWDCECRDIMYLRNWVADHTSIVMRWDGKAVNDPDSAKCAGTNTPVRAVTEASTSPSKCP
2017-10-14,5UFCC,5UFC,HHHHHHGGCPSQCSCRGTYVDCDSRRLASVPAGIPTNVQILNLYNNQITNLEPGVFDRLVNLQKLYLSGNQLQALPVGVFDKLSQLTFLSLDENKLTALPNGVFDKLTELTYLNLNTNQLTALPEGVFDRLVHLKELLMCCNKLTELPRGIERLTHLTHLALDQNQLKSIPHGAFDRLSSLTHAYLFGNPWDCECRDIMYLRNWVADHTSIVMRWDGKAVNDPDSAKCAGTNTPVRAVTEASTSPSKC
2017-10-07,4W2PD,4W2P,KVQLQESGGGLVQVGGSLRLSCKASGFTFRSSAMGWYRRAPGKQRELVASLTTTGTADYGDFVKGRFTISRDNAENTVDLHMNSLKPEDTAVYYCHEDPYGMESLRYWGQGTQVTVSSAAAHHHHHH
2017-10-07,5GUFA,5GUF,MALELAVDWRIDNILEAIILMLPAMIANATPVVAGGRRPVDMGVVLPDGRRLLGDGKTIEGLLAGFAAGSAAGVLAALASGNMLLAVHSPAIALGALAGDMAGSFVKRRLGIERGRPAPLLDQLDFYLGALAVSIALGYTWTPRVAVEAAAAVLLLHLAANITAYLLGLKKVPWLEHHHHHH
2017-10-07,5NFGB,5NFG,MVSNGGLLRVGLKKRKVDRLDQLRAHGVHMLGNARKDFGFRRTLRDSGSGIVALTNDRDTAYYGEIGIGTPPQNFAVIFDTGSSDLWVPSTKCDTSLACVIHPRYDSGDSSTYKGNGTTASIQYGTGAIVGFYSQDSVEVGDLVVEHQDFIETTEEDDTVFLKSEFDGILGLGFQEISAGKAVPVWYNMVNQGLVEEAVFSFWLNRNVDEEEGGELVFGGVDPNHFRGNHTYVPVTRKGYWQFEMGDVLIGDKSSGFCAGGCAAIADSGTSFFAGPTAIITQINQAIGAKGGGGSAESIVDCNGISSMPNIAFTIGSKLFEVTPEQYIYKVGEGEAATCISGFTALDIMSPQGPIWILGDMFMGPYHTVFDYGKLRVGFAEAV
2017-10-07,5TDXD,5TDX,MATAHFVLIHTICHGAWIWYKLKPLLEAAGHKVTALDLAASGIDPRQIEQINTFDEYSEPLLTFMESLPQGEKVILVGESCGGLNIALAADKYPEKISAAVFHNALMPDTEHSPSYVVDKFMEVFPDWKDTEFSTYTSNNETITGMKLGFKLMRENLYTNCPIEDYELAKMLTRKGSFFQNDLAQRPKFTEEGYGSIKRVYVWTDEDKIFPPEFQLWQIENYKPDKVYRVQGGDHKLQLSKTNELAEILQEVADTYADLLAVAGLEHHHHHH
2017-10-07,5TFPB,5TFP,MGEKNGDAKTFWMELEDDGKVDFIFEQVQNVLQSLKQKIKDGSATNKEYIQAMILVNEATIINS
2017-10-07,5TIRD,5TIR,MSVGTFSLPALPYAYDALEPSISAQIVELHHSKHHQTYVTNLNNALKTYSTALAANDVPSQIALQAAIKFNGGGHINHSLFWENLCPASSPDADPASAPELTAEIAKTWGSLDKFKEAMGKALLGIQGSGWGWLVKEGSGLRIVTTKDQDPVVGGEVPVFGIDMWEHAYYLQYLNGKAAYVDNIWKVINWKTAEQRFKGDREDAFKILKASL
2017-10-07,5UD5B,5UD5,MGHHHHHHMDKKPLNTLISATGLWMSRTGTIHKIKHHEVSRSKIYIEMACGDHLVVNNSRSSRTARALRHHKYRKTCKRCRVSDEDLNKFLTKANEDQTSVKVKVVSAP
2017-09-30,5GZXD,5GZX,MNLPDNSIHLQLPRPVCEAIIRPVPEHRADQELSEIYRDLKATFGVPWVGVITQAVAYYRPFFAEAWRRFAPSAKTHFFERASDDIRIRSWELMGQSFVIEGQTDRLREMGYSVREIGQIRAVLDIFDYGNPKYLIFATAIKEGLLSGRTFGGAAGDARCHFPRSPICQIDPIPVMVEEHHAGGTLSQVYADIKQTLQLPFINSNYKAMARWPSYLEQAWGALKPCIDTPAYQAGRFDINARALAALDALPTAYRMSRDDALQAGLSEAQTDELIQVISLFQWMLSGLVLNVTHFKQQALKLEHHHHHH
2017-09-30,5NCJB,5NCJ,GGRMQLTADQVEKYKSDGYVLLEGAFSPEEVHVMRQALKKDQEVQGPHRILEEDGRTVRALYASHTRQSVFDQLSRSDRLLGPATQLLECDLYIHQFKINTKRAFGGDSWAWHQDFIVWRDTDGLPAPRAVNVGVFLSDVTEFNGPVVFLSGSHQRGTVERKARETSRSDQHVDPDDYSMTPAELSQMVEKHPMVSPKAASGSVMLFHPEIIHGSAPNISPFARDLLIITYNDVANAPKPAGEPRPEYVIGRDTTPLVSRSGPLHEAA
2017-09-30,5NV8A,5NV8,MGSSHHHHHHSQDPKATWDIFCSVVDNYGDIGVTWRLARQLVAEHGLAVRLWVDDLNAFTPMCPGADATAAQQWQHGVDVRHWPAAWLPVAPADVVIGAFACQLPAAYVEAMRARPQPPLWLNLEYLSAEDWVEGCHGLPSPQPNGLRKVFFFPGFTDKTGGLLREGSLLARRDGFQQSAEARRAFLQGLGVDLVPGALLISLFAYENPQLGNWLDALATADQPCHLLVPQGRVVAGLSQWLGEGPLHVGDVRTRGALTVQVLPFVSQDDFDRLLWSCDFNAVRGEDSFVRAQWAGQPMLWHIYVQDENAHWEKLEAFLAHYRCGLSDDADAALLGLWRAWNMDFDMGQAWRAARQHWPELQQHARLWGARQAAQPDLATALVHFYRNSL
2017-09-30,5O03D,5O03,QVQLQESGGGLVQPGGSLRLSCAASGFTLGYYPIGWFRQAPGKGLEGVSCISGSGGSANYAASVKGRFTISRDNAKNTVYLQMNSLKPEDTAIYYCAADLSSLTTVQAMCVIPRPGFSAKAYDYWGLGTQVTVSS
2017-09-30,5O04E,5O04,QVQLQESGGGLVQPGGSLRLSCTAPRIIFFMYDVGWYRQAPEKQRELVAQINSDVSTKYADSVKGRFTISRDNAKRTVYLQMNDLKPEDAAVYYCNVRRASADYWGQGTQVTVSS
2017-09-30,5OFJA,5OFJ,DKMPDWNIPSLYESYKNDFRIGVAIPAKCLSNDTDRRMVLKHFNSITAENEMKPESLLAGQTSTGLNYRFSTADTFVDFANTNNIGIRGHTLVWHSQTPDWFFKDSSGQRLTKDALLARLKQYIYDVVGRYKGKVYAWDVVNEAIDENQSDGYRRSTWYEICGPEYIEKAFIWAHEADPNAKLFYNDYNTEISKKRDFIYNMVKNLKSKGIPIHGIGMQCHINVNWPSVSEIENSIKLFSSIPGIEIHITELDMSLYNYGSSENYSTPPQDLLQKQAQKYKELFTMLKKYTNVVKCVTFWGLKDDYSWLRSFNGKNDWPLLLFEDYSAKPAYWAVIEAS
2017-09-30,5OFZD,5OFZ,MSDWSGSVPANAENGKSTGLILKQGDTISVVAHGWVKYGRDNVEWAAPDGPVPNNPQPSSIATLVAKIANKKFAIGNGVLHKTVPVDGELILLFNDVPGTFGDNSGEFQVEVIIESRYSPLK
2017-09-23,5GW8B,5GW8,GALIEHHAASSTDQPVDVPYNLDMFSQAAVLAQETYCGEQAHDYGLKLGDATLLWTAGDGNVRQRVNLYQSDSLGIAVAIQGTNTSSLRSDLHDAQLRPVDPDSRYRRFLPQGTKVMNGFQKGYTDLVDDIFDHVKKFKQEKNESRVTVIGHSLGAAIGLLASLDINLRLEDGLFKSYLFGLPRVGNPIFANFVDRKIGDKLHWVVNGRDWVPTVPPRALGYQHPSNYVWIYPANSTNWKLYPGQENVHGMLTVAREFNFDDHEGIYFHTQIGASLGKCPAVLGGY
2017-09-23,5GY6A,5GY6,QSGGCSCAGRSYSSSNIADAIDQAEGRGGGDYPHQYHDYEGFSFPSCRGEFFEYPLERSGVYTGGSPGADRVIYDEDGDFCACLTHTGASTEDGFVECNF
2017-09-23,5H7EA,5H7E,HQPSTYRLFYALRVPADITAPLAEAQAKLRGNWRAVRPDQMHVTLSYLPAVPPERVEDLKRLGTRLTQDLPPLHVNLRGTGYFPNEGSPRVWFVKTEAEGLTELAENLRAGIRELGIGTDDLAFKAHITLARKKGPAPRLPPLIFDQSWTAPGLTLYRSILRKTGPIYEVQSTFRFRGSASQ
2017-09-23,5M26G,5M26,MADVVTEFGALTDYRKGGVEIIDDDPRNYVFSNVFEVAANAAPYERVAVGKNFEYVIESARAEGTSGWFSCAHDEFVLAMDGQIEVHLLKLDNSDAYVDPDSEGAVAIGEALPEGRKMGRIVLRRGHMALLPVGAAYRFYAEQPAAMLFQSIEGAVTVQKWGEICQTEAA
2017-09-23,5M26H,5M26,MAMSEALEIIDFGDSKARTDTEHLAINNETGYRSFRAGGFTFTRDEYFARLTWPGGSHIIPIDAFLRAMMRDVAWGFFYGVVNFDHVFGTINHYGEVTMFAGRFNDAYRNAGRDHEERFKSSALMAVFKDILSDWTVEGYDPFAAPMETGLPWGIKNGNNDEAISRQRVTARRMVGLPGDTPVRTDANGFPVNRQFADVPQEQPVVEAEPGFEAEVSAYNLFGYLSRSDVTWNPSVCSVVGDSLFCPTSEEFILPVEHGNDRCEWFLQLSDEIVWDVKDKESGKPRARVTARAGDICCMPADIRHQGYSTKRSMLLVWENGSPKIPQMIADGTAPVVPVTF
2017-09-23,5NBRB,5NBR,HMPAPKTIYIAGPAVFHPDNGEAYYNNVRALMKGKDVVPLIPTDNIATGAVNIRNKNIDMIRACDAIIADLSPFRSKEPDCGTAFELGYAAALGKVLLTFSTDTRPMVEKYGSEMADGLSVENFGLPFNLMLHDGTDVFDSFEAAFAYFVEHHLTP
2017-09-23,5UBJA,5UBJ,GSHMRNLSTWPTFAALLWSAPRVLAQCGLPSTYSWTSTGPLAEPKDGWASLKDFTAVPYNGQYLVYATYHDTGTSWGSMNFGLFSNWSDMATASQNAMTQSTVAPTLFYFEPKDVWILAYQWGPTAFSYLTSSDPTDANGWSSPQPLFSGSISDSDTGVIDQTVIGDSTTMYLFFAGDNGRIYRASMPIDQFPGDFGTESEIILSDERNNLFEAVQVYTVSGQSKDTYLMIVEAIGAQGRYFRSFTADSLGGSWTPQAATESAPFAGKANSGATWTDDISHGDLVRSTPDQTMSIDPCNLQLLYQGRDPSLNPGYDLLPYRPGLLTLK
2017-09-23,5VN5C,5VN5,MIIDCHGHVSAPVELWAYKASLLAHRGSHGRGGVKVTDEQIIAAAHHKETWPDGHIELLHNHGTDMQLISPRPFQMMNSAKPARVVHWFCEEVNTLIHRQCTLIPEMFIPVAGLPQVAGEPIENVFAEMDRCVSMGFKGFLLNPDPYENGAEEAPPLGDRYWYPLYEKLCELDLPAHIHATGSQSERSPYSLHFINEETIATYNLCTSSVFDDFPQLKVVVSHGGGAIPYQLGRFESQSRRSKHLFSERMAKLYFDTVLYTEGALRLLIETVGPERCLFGSECPGVGSTIDPATGKQMDHIAPFIQKFDFLSDADKKLIFEDNARKVFNLEVENLYFQ
2017-09-23,5VZ4A,5VZ4,ARNGDHCPLGPGRCCRLHTVRASLEDLGWADWVLSPREVQVTMCIGACPSQFRAANMHAQIKTSLHRLKPDTVPAPCCVPASYNPMVLIQKTDTGVSLQTYDDLLAKDCHCI
2017-09-23,5VZ4B,5VZ4,HHHHHHGGWNLTTRSHHGFKGMWSCLEVAEACVGDVVCNAQLASYLKACSANGNPCDLKQCQAAIRFFYQNIPFNIAQMLAFCDCAQSDIPCQQSKEALHSKTCAVNMVPPPTCLSVIRSCQNDELCRRHYRTFQSKCWQRVTRKCHEDENCISTLSKQDLTCSGSDDCKAAYIDILGTVLQVQCTCRTITQSEESLCKIFQHMLHRKSCFNYPTLSNVKGMALYTRKHANKITLTGFHSPFNGE
